LOCATION,INDICATOR,SUBJECT,MEASURE,FREQUENCY,TIME,Value,Flag Codes
AUS,WKGPOP,TOT,PC_POP,A,1950,65.282,
AUS,WKGPOP,TOT,PC_POP,A,1951,64.736,
AUS,WKGPOP,TOT,PC_POP,A,1952,64.263,
AUS,WKGPOP,TOT,PC_POP,A,1953,63.648,
AUS,WKGPOP,TOT,PC_POP,A,1954,63.086,
AUS,WKGPOP,TOT,PC_POP,A,1955,62.578,
AUS,WKGPOP,TOT,PC_POP,A,1956,62.189,
AUS,WKGPOP,TOT,PC_POP,A,1957,61.886,
AUS,WKGPOP,TOT,PC_POP,A,1958,61.499,
AUS,WKGPOP,TOT,PC_POP,A,1959,61.36,
AUS,WKGPOP,TOT,PC_POP,A,1960,61.279,
AUS,WKGPOP,TOT,PC_POP,A,1961,61.176,
AUS,WKGPOP,TOT,PC_POP,A,1962,61.413,
AUS,WKGPOP,TOT,PC_POP,A,1963,61.528,
AUS,WKGPOP,TOT,PC_POP,A,1964,61.657,
AUS,WKGPOP,TOT,PC_POP,A,1965,61.852,
AUS,WKGPOP,TOT,PC_POP,A,1966,62.015,
AUS,WKGPOP,TOT,PC_POP,A,1967,62.244,
AUS,WKGPOP,TOT,PC_POP,A,1968,62.523,
AUS,WKGPOP,TOT,PC_POP,A,1969,62.706,
AUS,WKGPOP,TOT,PC_POP,A,1970,62.826,
AUS,WKGPOP,TOT,PC_POP,A,1971,62.978,
AUS,WKGPOP,TOT,PC_POP,A,1972,63.085,
AUS,WKGPOP,TOT,PC_POP,A,1973,63.26,
AUS,WKGPOP,TOT,PC_POP,A,1974,63.524,
AUS,WKGPOP,TOT,PC_POP,A,1975,63.786,
AUS,WKGPOP,TOT,PC_POP,A,1976,64.085,
AUS,WKGPOP,TOT,PC_POP,A,1977,64.408,
AUS,WKGPOP,TOT,PC_POP,A,1978,64.692,
AUS,WKGPOP,TOT,PC_POP,A,1979,64.947,
AUS,WKGPOP,TOT,PC_POP,A,1980,65.129,
AUS,WKGPOP,TOT,PC_POP,A,1981,65.285,
AUS,WKGPOP,TOT,PC_POP,A,1982,65.465,
AUS,WKGPOP,TOT,PC_POP,A,1983,65.655,
AUS,WKGPOP,TOT,PC_POP,A,1984,65.919,
AUS,WKGPOP,TOT,PC_POP,A,1985,66.135,
AUS,WKGPOP,TOT,PC_POP,A,1986,66.403,
AUS,WKGPOP,TOT,PC_POP,A,1987,66.633,
AUS,WKGPOP,TOT,PC_POP,A,1988,66.789,
AUS,WKGPOP,TOT,PC_POP,A,1989,66.865,
AUS,WKGPOP,TOT,PC_POP,A,1990,66.901,
AUS,WKGPOP,TOT,PC_POP,A,1991,66.811,
AUS,WKGPOP,TOT,PC_POP,A,1992,66.731,
AUS,WKGPOP,TOT,PC_POP,A,1993,66.634,
AUS,WKGPOP,TOT,PC_POP,A,1994,66.579,
AUS,WKGPOP,TOT,PC_POP,A,1995,66.571,
AUS,WKGPOP,TOT,PC_POP,A,1996,66.601,
AUS,WKGPOP,TOT,PC_POP,A,1997,66.642,
AUS,WKGPOP,TOT,PC_POP,A,1998,66.706,
AUS,WKGPOP,TOT,PC_POP,A,1999,66.768,
AUS,WKGPOP,TOT,PC_POP,A,2000,66.852,
AUS,WKGPOP,TOT,PC_POP,A,2001,66.903,
AUS,WKGPOP,TOT,PC_POP,A,2002,67.016,
AUS,WKGPOP,TOT,PC_POP,A,2003,67.136,
AUS,WKGPOP,TOT,PC_POP,A,2004,67.224,
AUS,WKGPOP,TOT,PC_POP,A,2005,67.312,
AUS,WKGPOP,TOT,PC_POP,A,2006,67.402,
AUS,WKGPOP,TOT,PC_POP,A,2007,67.43,
AUS,WKGPOP,TOT,PC_POP,A,2008,67.499,
AUS,WKGPOP,TOT,PC_POP,A,2009,67.505,
AUS,WKGPOP,TOT,PC_POP,A,2010,67.386,
AUS,WKGPOP,TOT,PC_POP,A,2011,67.226,
AUS,WKGPOP,TOT,PC_POP,A,2012,66.93,
AUS,WKGPOP,TOT,PC_POP,A,2013,66.671,
AUS,WKGPOP,TOT,PC_POP,A,2014,66.425,
AUS,WKGPOP,TOT,PC_POP,A,2015,66.183,
AUS,WKGPOP,TOT,PC_POP,A,2016,65.917,
AUS,WKGPOP,TOT,PC_POP,A,2017,65.734,
AUS,WKGPOP,TOT,PC_POP,A,2018,65.521,
AUT,WKGPOP,TOT,PC_POP,A,1950,66.793,
AUT,WKGPOP,TOT,PC_POP,A,1951,66.471,
AUT,WKGPOP,TOT,PC_POP,A,1952,66.112,
AUT,WKGPOP,TOT,PC_POP,A,1953,65.811,
AUT,WKGPOP,TOT,PC_POP,A,1954,65.864,
AUT,WKGPOP,TOT,PC_POP,A,1955,66.243,
AUT,WKGPOP,TOT,PC_POP,A,1956,66.507,
AUT,WKGPOP,TOT,PC_POP,A,1957,66.504,
AUT,WKGPOP,TOT,PC_POP,A,1958,66.358,
AUT,WKGPOP,TOT,PC_POP,A,1959,66.154,
AUT,WKGPOP,TOT,PC_POP,A,1960,65.733,
AUT,WKGPOP,TOT,PC_POP,A,1961,65.155,
AUT,WKGPOP,TOT,PC_POP,A,1962,64.729,
AUT,WKGPOP,TOT,PC_POP,A,1963,64.387,
AUT,WKGPOP,TOT,PC_POP,A,1964,63.94,
AUT,WKGPOP,TOT,PC_POP,A,1965,63.466,
AUT,WKGPOP,TOT,PC_POP,A,1966,63.008,
AUT,WKGPOP,TOT,PC_POP,A,1967,62.56,
AUT,WKGPOP,TOT,PC_POP,A,1968,62.146,
AUT,WKGPOP,TOT,PC_POP,A,1969,61.786,
AUT,WKGPOP,TOT,PC_POP,A,1970,61.56,
AUT,WKGPOP,TOT,PC_POP,A,1971,61.468,
AUT,WKGPOP,TOT,PC_POP,A,1972,61.495,
AUT,WKGPOP,TOT,PC_POP,A,1973,61.627,
AUT,WKGPOP,TOT,PC_POP,A,1974,61.756,
AUT,WKGPOP,TOT,PC_POP,A,1975,61.897,
AUT,WKGPOP,TOT,PC_POP,A,1976,62.21,
AUT,WKGPOP,TOT,PC_POP,A,1977,62.635,
AUT,WKGPOP,TOT,PC_POP,A,1978,63.094,
AUT,WKGPOP,TOT,PC_POP,A,1979,63.592,
AUT,WKGPOP,TOT,PC_POP,A,1980,64.178,
AUT,WKGPOP,TOT,PC_POP,A,1981,64.915,
AUT,WKGPOP,TOT,PC_POP,A,1982,65.719,
AUT,WKGPOP,TOT,PC_POP,A,1983,66.537,
AUT,WKGPOP,TOT,PC_POP,A,1984,67.184,
AUT,WKGPOP,TOT,PC_POP,A,1985,67.513,
AUT,WKGPOP,TOT,PC_POP,A,1986,67.648,
AUT,WKGPOP,TOT,PC_POP,A,1987,67.673,
AUT,WKGPOP,TOT,PC_POP,A,1988,67.618,
AUT,WKGPOP,TOT,PC_POP,A,1989,67.568,
AUT,WKGPOP,TOT,PC_POP,A,1990,67.541,
AUT,WKGPOP,TOT,PC_POP,A,1991,67.483,
AUT,WKGPOP,TOT,PC_POP,A,1992,67.395,
AUT,WKGPOP,TOT,PC_POP,A,1993,67.287,
AUT,WKGPOP,TOT,PC_POP,A,1994,67.159,
AUT,WKGPOP,TOT,PC_POP,A,1995,67.058,
AUT,WKGPOP,TOT,PC_POP,A,1996,67.042,
AUT,WKGPOP,TOT,PC_POP,A,1997,67.108,
AUT,WKGPOP,TOT,PC_POP,A,1998,67.212,
AUT,WKGPOP,TOT,PC_POP,A,1999,67.355,
AUT,WKGPOP,TOT,PC_POP,A,2000,67.53,
AUT,WKGPOP,TOT,PC_POP,A,2001,67.719,
AUT,WKGPOP,TOT,PC_POP,A,2002,67.919,
AUT,WKGPOP,TOT,PC_POP,A,2003,68.123,
AUT,WKGPOP,TOT,PC_POP,A,2004,68.055,
AUT,WKGPOP,TOT,PC_POP,A,2005,67.756,
AUT,WKGPOP,TOT,PC_POP,A,2006,67.561,
AUT,WKGPOP,TOT,PC_POP,A,2007,67.466,
AUT,WKGPOP,TOT,PC_POP,A,2008,67.485,
AUT,WKGPOP,TOT,PC_POP,A,2009,67.456,
AUT,WKGPOP,TOT,PC_POP,A,2010,67.505,
AUT,WKGPOP,TOT,PC_POP,A,2011,67.657,
AUT,WKGPOP,TOT,PC_POP,A,2012,67.567,
AUT,WKGPOP,TOT,PC_POP,A,2013,67.439,
AUT,WKGPOP,TOT,PC_POP,A,2014,67.3,
AUT,WKGPOP,TOT,PC_POP,A,2015,67.239,
AUT,WKGPOP,TOT,PC_POP,A,2016,67.143,
AUT,WKGPOP,TOT,PC_POP,A,2017,66.982,
AUT,WKGPOP,TOT,PC_POP,A,2018,66.809,
BEL,WKGPOP,TOT,PC_POP,A,1950,68.04,
BEL,WKGPOP,TOT,PC_POP,A,1951,67.779,
BEL,WKGPOP,TOT,PC_POP,A,1952,67.519,
BEL,WKGPOP,TOT,PC_POP,A,1953,67.268,
BEL,WKGPOP,TOT,PC_POP,A,1954,67.023,
BEL,WKGPOP,TOT,PC_POP,A,1955,66.673,
BEL,WKGPOP,TOT,PC_POP,A,1956,66.196,
BEL,WKGPOP,TOT,PC_POP,A,1957,65.66,
BEL,WKGPOP,TOT,PC_POP,A,1958,65.216,
BEL,WKGPOP,TOT,PC_POP,A,1959,64.84,
BEL,WKGPOP,TOT,PC_POP,A,1960,64.499,
BEL,WKGPOP,TOT,PC_POP,A,1961,64.144,
BEL,WKGPOP,TOT,PC_POP,A,1962,63.889,
BEL,WKGPOP,TOT,PC_POP,A,1963,63.799,
BEL,WKGPOP,TOT,PC_POP,A,1964,63.677,
BEL,WKGPOP,TOT,PC_POP,A,1965,63.493,
BEL,WKGPOP,TOT,PC_POP,A,1966,63.292,
BEL,WKGPOP,TOT,PC_POP,A,1967,63.129,
BEL,WKGPOP,TOT,PC_POP,A,1968,63.052,
BEL,WKGPOP,TOT,PC_POP,A,1969,63.03,
BEL,WKGPOP,TOT,PC_POP,A,1970,63.016,
BEL,WKGPOP,TOT,PC_POP,A,1971,63.045,
BEL,WKGPOP,TOT,PC_POP,A,1972,63.148,
BEL,WKGPOP,TOT,PC_POP,A,1973,63.292,
BEL,WKGPOP,TOT,PC_POP,A,1974,63.531,
BEL,WKGPOP,TOT,PC_POP,A,1975,63.86,
BEL,WKGPOP,TOT,PC_POP,A,1976,64.217,
BEL,WKGPOP,TOT,PC_POP,A,1977,64.58,
BEL,WKGPOP,TOT,PC_POP,A,1978,64.9,
BEL,WKGPOP,TOT,PC_POP,A,1979,65.227,
BEL,WKGPOP,TOT,PC_POP,A,1980,65.634,
BEL,WKGPOP,TOT,PC_POP,A,1981,65.944,
BEL,WKGPOP,TOT,PC_POP,A,1982,66.304,
BEL,WKGPOP,TOT,PC_POP,A,1983,66.827,
BEL,WKGPOP,TOT,PC_POP,A,1984,67.241,
BEL,WKGPOP,TOT,PC_POP,A,1985,67.422,
BEL,WKGPOP,TOT,PC_POP,A,1986,67.434,
BEL,WKGPOP,TOT,PC_POP,A,1987,67.41,
BEL,WKGPOP,TOT,PC_POP,A,1988,67.319,
BEL,WKGPOP,TOT,PC_POP,A,1989,67.163,
BEL,WKGPOP,TOT,PC_POP,A,1990,66.956,
BEL,WKGPOP,TOT,PC_POP,A,1991,66.719,
BEL,WKGPOP,TOT,PC_POP,A,1992,66.518,
BEL,WKGPOP,TOT,PC_POP,A,1993,66.374,
BEL,WKGPOP,TOT,PC_POP,A,1994,66.26,
BEL,WKGPOP,TOT,PC_POP,A,1995,66.133,
BEL,WKGPOP,TOT,PC_POP,A,1996,65.998,
BEL,WKGPOP,TOT,PC_POP,A,1997,65.867,
BEL,WKGPOP,TOT,PC_POP,A,1998,65.752,
BEL,WKGPOP,TOT,PC_POP,A,1999,65.664,
BEL,WKGPOP,TOT,PC_POP,A,2000,65.59,
BEL,WKGPOP,TOT,PC_POP,A,2001,65.554,
BEL,WKGPOP,TOT,PC_POP,A,2002,65.562,
BEL,WKGPOP,TOT,PC_POP,A,2003,65.581,
BEL,WKGPOP,TOT,PC_POP,A,2004,65.589,
BEL,WKGPOP,TOT,PC_POP,A,2005,65.646,
BEL,WKGPOP,TOT,PC_POP,A,2006,65.808,
BEL,WKGPOP,TOT,PC_POP,A,2007,65.988,
BEL,WKGPOP,TOT,PC_POP,A,2008,66.051,
BEL,WKGPOP,TOT,PC_POP,A,2009,65.988,
BEL,WKGPOP,TOT,PC_POP,A,2010,65.895,
BEL,WKGPOP,TOT,PC_POP,A,2011,65.72,
BEL,WKGPOP,TOT,PC_POP,A,2012,65.477,
BEL,WKGPOP,TOT,PC_POP,A,2013,65.248,
BEL,WKGPOP,TOT,PC_POP,A,2014,65.011,
BEL,WKGPOP,TOT,PC_POP,A,2015,64.81,
BEL,WKGPOP,TOT,PC_POP,A,2016,64.63,
BEL,WKGPOP,TOT,PC_POP,A,2017,64.43,
BEL,WKGPOP,TOT,PC_POP,A,2018,64.236,
CAN,WKGPOP,TOT,PC_POP,A,1950,62.756,
CAN,WKGPOP,TOT,PC_POP,A,1951,62.022,
CAN,WKGPOP,TOT,PC_POP,A,1952,61.58,
CAN,WKGPOP,TOT,PC_POP,A,1953,61.19,
CAN,WKGPOP,TOT,PC_POP,A,1954,60.743,
CAN,WKGPOP,TOT,PC_POP,A,1955,60.281,
CAN,WKGPOP,TOT,PC_POP,A,1956,59.884,
CAN,WKGPOP,TOT,PC_POP,A,1957,59.617,
CAN,WKGPOP,TOT,PC_POP,A,1958,59.247,
CAN,WKGPOP,TOT,PC_POP,A,1959,59.002,
CAN,WKGPOP,TOT,PC_POP,A,1960,58.76,
CAN,WKGPOP,TOT,PC_POP,A,1961,58.51,
CAN,WKGPOP,TOT,PC_POP,A,1962,58.487,
CAN,WKGPOP,TOT,PC_POP,A,1963,58.517,
CAN,WKGPOP,TOT,PC_POP,A,1964,58.711,
CAN,WKGPOP,TOT,PC_POP,A,1965,59.003,
CAN,WKGPOP,TOT,PC_POP,A,1966,59.765,
CAN,WKGPOP,TOT,PC_POP,A,1967,60.342,
CAN,WKGPOP,TOT,PC_POP,A,1968,60.94,
CAN,WKGPOP,TOT,PC_POP,A,1969,61.527,
CAN,WKGPOP,TOT,PC_POP,A,1970,62.138,
CAN,WKGPOP,TOT,PC_POP,A,1971,62.682,
CAN,WKGPOP,TOT,PC_POP,A,1972,63.334,
CAN,WKGPOP,TOT,PC_POP,A,1973,64.012,
CAN,WKGPOP,TOT,PC_POP,A,1974,64.714,
CAN,WKGPOP,TOT,PC_POP,A,1975,65.359,
CAN,WKGPOP,TOT,PC_POP,A,1976,65.956,
CAN,WKGPOP,TOT,PC_POP,A,1977,66.469,
CAN,WKGPOP,TOT,PC_POP,A,1978,66.992,
CAN,WKGPOP,TOT,PC_POP,A,1979,67.458,
CAN,WKGPOP,TOT,PC_POP,A,1980,67.862,
CAN,WKGPOP,TOT,PC_POP,A,1981,68.131,
CAN,WKGPOP,TOT,PC_POP,A,1982,68.28,
CAN,WKGPOP,TOT,PC_POP,A,1983,68.375,
CAN,WKGPOP,TOT,PC_POP,A,1984,68.439,
CAN,WKGPOP,TOT,PC_POP,A,1985,68.45,
CAN,WKGPOP,TOT,PC_POP,A,1986,68.497,
CAN,WKGPOP,TOT,PC_POP,A,1987,68.371,
CAN,WKGPOP,TOT,PC_POP,A,1988,68.26,
CAN,WKGPOP,TOT,PC_POP,A,1989,68.168,
CAN,WKGPOP,TOT,PC_POP,A,1990,68.026,
CAN,WKGPOP,TOT,PC_POP,A,1991,67.871,
CAN,WKGPOP,TOT,PC_POP,A,1992,67.7,
CAN,WKGPOP,TOT,PC_POP,A,1993,67.605,
CAN,WKGPOP,TOT,PC_POP,A,1994,67.602,
CAN,WKGPOP,TOT,PC_POP,A,1995,67.644,
CAN,WKGPOP,TOT,PC_POP,A,1996,67.696,
CAN,WKGPOP,TOT,PC_POP,A,1997,67.792,
CAN,WKGPOP,TOT,PC_POP,A,1998,67.89,
CAN,WKGPOP,TOT,PC_POP,A,1999,68.078,
CAN,WKGPOP,TOT,PC_POP,A,2000,68.275,
CAN,WKGPOP,TOT,PC_POP,A,2001,68.495,
CAN,WKGPOP,TOT,PC_POP,A,2002,68.698,
CAN,WKGPOP,TOT,PC_POP,A,2003,68.863,
CAN,WKGPOP,TOT,PC_POP,A,2004,69.041,
CAN,WKGPOP,TOT,PC_POP,A,2005,69.26,
CAN,WKGPOP,TOT,PC_POP,A,2006,69.399,
CAN,WKGPOP,TOT,PC_POP,A,2007,69.464,
CAN,WKGPOP,TOT,PC_POP,A,2008,69.448,
CAN,WKGPOP,TOT,PC_POP,A,2009,69.402,
CAN,WKGPOP,TOT,PC_POP,A,2010,69.339,
CAN,WKGPOP,TOT,PC_POP,A,2011,69.178,
CAN,WKGPOP,TOT,PC_POP,A,2012,68.844,
CAN,WKGPOP,TOT,PC_POP,A,2013,68.483,
CAN,WKGPOP,TOT,PC_POP,A,2014,68.128,
CAN,WKGPOP,TOT,PC_POP,A,2015,67.744,
CAN,WKGPOP,TOT,PC_POP,A,2016,67.358,
CAN,WKGPOP,TOT,PC_POP,A,2017,67.025,
CAN,WKGPOP,TOT,PC_POP,A,2018,66.726,
CZE,WKGPOP,TOT,PC_POP,A,1950,67.39,
CZE,WKGPOP,TOT,PC_POP,A,1951,66.729,
CZE,WKGPOP,TOT,PC_POP,A,1952,66.143,
CZE,WKGPOP,TOT,PC_POP,A,1953,65.621,
CZE,WKGPOP,TOT,PC_POP,A,1954,65.241,
CZE,WKGPOP,TOT,PC_POP,A,1955,64.923,
CZE,WKGPOP,TOT,PC_POP,A,1956,64.715,
CZE,WKGPOP,TOT,PC_POP,A,1957,64.56,
CZE,WKGPOP,TOT,PC_POP,A,1958,64.589,
CZE,WKGPOP,TOT,PC_POP,A,1959,64.786,
CZE,WKGPOP,TOT,PC_POP,A,1960,64.57,
CZE,WKGPOP,TOT,PC_POP,A,1961,65.232,
CZE,WKGPOP,TOT,PC_POP,A,1962,65.703,
CZE,WKGPOP,TOT,PC_POP,A,1963,66.031,
CZE,WKGPOP,TOT,PC_POP,A,1964,66.14,
CZE,WKGPOP,TOT,PC_POP,A,1965,66.2,
CZE,WKGPOP,TOT,PC_POP,A,1966,66.333,
CZE,WKGPOP,TOT,PC_POP,A,1967,66.485,
CZE,WKGPOP,TOT,PC_POP,A,1968,66.595,
CZE,WKGPOP,TOT,PC_POP,A,1969,66.683,
CZE,WKGPOP,TOT,PC_POP,A,1970,67.022,
CZE,WKGPOP,TOT,PC_POP,A,1971,66.535,
CZE,WKGPOP,TOT,PC_POP,A,1972,66.38,
CZE,WKGPOP,TOT,PC_POP,A,1973,66.051,
CZE,WKGPOP,TOT,PC_POP,A,1974,65.424,
CZE,WKGPOP,TOT,PC_POP,A,1975,64.789,
CZE,WKGPOP,TOT,PC_POP,A,1976,64.211,
CZE,WKGPOP,TOT,PC_POP,A,1977,63.704,
CZE,WKGPOP,TOT,PC_POP,A,1978,63.32,
CZE,WKGPOP,TOT,PC_POP,A,1979,63.102,
CZE,WKGPOP,TOT,PC_POP,A,1980,63.185,
CZE,WKGPOP,TOT,PC_POP,A,1981,63.445,
CZE,WKGPOP,TOT,PC_POP,A,1982,63.857,
CZE,WKGPOP,TOT,PC_POP,A,1983,64.321,
CZE,WKGPOP,TOT,PC_POP,A,1984,64.663,
CZE,WKGPOP,TOT,PC_POP,A,1985,64.791,
CZE,WKGPOP,TOT,PC_POP,A,1986,64.861,
CZE,WKGPOP,TOT,PC_POP,A,1987,64.96,
CZE,WKGPOP,TOT,PC_POP,A,1988,65.17,
CZE,WKGPOP,TOT,PC_POP,A,1989,65.557,
CZE,WKGPOP,TOT,PC_POP,A,1990,66.038,
CZE,WKGPOP,TOT,PC_POP,A,1991,66.458,
CZE,WKGPOP,TOT,PC_POP,A,1992,66.904,
CZE,WKGPOP,TOT,PC_POP,A,1993,67.341,
CZE,WKGPOP,TOT,PC_POP,A,1994,67.783,
CZE,WKGPOP,TOT,PC_POP,A,1995,68.184,
CZE,WKGPOP,TOT,PC_POP,A,1996,68.502,
CZE,WKGPOP,TOT,PC_POP,A,1997,68.801,
CZE,WKGPOP,TOT,PC_POP,A,1998,69.102,
CZE,WKGPOP,TOT,PC_POP,A,1999,69.417,
CZE,WKGPOP,TOT,PC_POP,A,2000,69.751,
CZE,WKGPOP,TOT,PC_POP,A,2001,70.109,
CZE,WKGPOP,TOT,PC_POP,A,2002,70.388,
CZE,WKGPOP,TOT,PC_POP,A,2003,70.681,
CZE,WKGPOP,TOT,PC_POP,A,2004,70.929,
CZE,WKGPOP,TOT,PC_POP,A,2005,71.084,
CZE,WKGPOP,TOT,PC_POP,A,2006,71.177,
CZE,WKGPOP,TOT,PC_POP,A,2007,71.207,
CZE,WKGPOP,TOT,PC_POP,A,2008,71.09,
CZE,WKGPOP,TOT,PC_POP,A,2009,70.772,
CZE,WKGPOP,TOT,PC_POP,A,2010,70.306,
CZE,WKGPOP,TOT,PC_POP,A,2011,69.503,
CZE,WKGPOP,TOT,PC_POP,A,2012,68.741,
CZE,WKGPOP,TOT,PC_POP,A,2013,67.986,
CZE,WKGPOP,TOT,PC_POP,A,2014,67.295,
CZE,WKGPOP,TOT,PC_POP,A,2015,66.631,
CZE,WKGPOP,TOT,PC_POP,A,2016,65.966,
CZE,WKGPOP,TOT,PC_POP,A,2017,65.318,
CZE,WKGPOP,TOT,PC_POP,A,2018,64.76,
DNK,WKGPOP,TOT,PC_POP,A,1950,64.674,
DNK,WKGPOP,TOT,PC_POP,A,1951,64.403,
DNK,WKGPOP,TOT,PC_POP,A,1952,64.189,
DNK,WKGPOP,TOT,PC_POP,A,1953,64.004,
DNK,WKGPOP,TOT,PC_POP,A,1954,63.841,
DNK,WKGPOP,TOT,PC_POP,A,1955,63.687,
DNK,WKGPOP,TOT,PC_POP,A,1956,63.528,
DNK,WKGPOP,TOT,PC_POP,A,1957,63.498,
DNK,WKGPOP,TOT,PC_POP,A,1958,63.638,
DNK,WKGPOP,TOT,PC_POP,A,1959,63.879,
DNK,WKGPOP,TOT,PC_POP,A,1960,64.198,
DNK,WKGPOP,TOT,PC_POP,A,1961,64.522,
DNK,WKGPOP,TOT,PC_POP,A,1962,64.805,
DNK,WKGPOP,TOT,PC_POP,A,1963,64.943,
DNK,WKGPOP,TOT,PC_POP,A,1964,64.922,
DNK,WKGPOP,TOT,PC_POP,A,1965,64.82,
DNK,WKGPOP,TOT,PC_POP,A,1966,64.653,
DNK,WKGPOP,TOT,PC_POP,A,1967,64.491,
DNK,WKGPOP,TOT,PC_POP,A,1968,64.412,
DNK,WKGPOP,TOT,PC_POP,A,1969,64.393,
DNK,WKGPOP,TOT,PC_POP,A,1970,64.433,
DNK,WKGPOP,TOT,PC_POP,A,1971,64.412,
DNK,WKGPOP,TOT,PC_POP,A,1972,64.306,
DNK,WKGPOP,TOT,PC_POP,A,1973,64.227,
DNK,WKGPOP,TOT,PC_POP,A,1974,64.128,
DNK,WKGPOP,TOT,PC_POP,A,1975,64.011,
DNK,WKGPOP,TOT,PC_POP,A,1976,63.974,
DNK,WKGPOP,TOT,PC_POP,A,1977,64.027,
DNK,WKGPOP,TOT,PC_POP,A,1978,64.163,
DNK,WKGPOP,TOT,PC_POP,A,1979,64.404,
DNK,WKGPOP,TOT,PC_POP,A,1980,64.742,
DNK,WKGPOP,TOT,PC_POP,A,1981,65.199,
DNK,WKGPOP,TOT,PC_POP,A,1982,65.653,
DNK,WKGPOP,TOT,PC_POP,A,1983,65.995,
DNK,WKGPOP,TOT,PC_POP,A,1984,66.275,
DNK,WKGPOP,TOT,PC_POP,A,1985,66.474,
DNK,WKGPOP,TOT,PC_POP,A,1986,66.645,
DNK,WKGPOP,TOT,PC_POP,A,1987,66.88,
DNK,WKGPOP,TOT,PC_POP,A,1988,67.077,
DNK,WKGPOP,TOT,PC_POP,A,1989,67.207,
DNK,WKGPOP,TOT,PC_POP,A,1990,67.354,
DNK,WKGPOP,TOT,PC_POP,A,1991,67.458,
DNK,WKGPOP,TOT,PC_POP,A,1992,67.466,
DNK,WKGPOP,TOT,PC_POP,A,1993,67.467,
DNK,WKGPOP,TOT,PC_POP,A,1994,67.444,
DNK,WKGPOP,TOT,PC_POP,A,1995,67.38,
DNK,WKGPOP,TOT,PC_POP,A,1996,67.289,
DNK,WKGPOP,TOT,PC_POP,A,1997,67.135,
DNK,WKGPOP,TOT,PC_POP,A,1998,66.989,
DNK,WKGPOP,TOT,PC_POP,A,1999,66.834,
DNK,WKGPOP,TOT,PC_POP,A,2000,66.669,
DNK,WKGPOP,TOT,PC_POP,A,2001,66.519,
DNK,WKGPOP,TOT,PC_POP,A,2002,66.401,
DNK,WKGPOP,TOT,PC_POP,A,2003,66.288,
DNK,WKGPOP,TOT,PC_POP,A,2004,66.188,
DNK,WKGPOP,TOT,PC_POP,A,2005,66.12,
DNK,WKGPOP,TOT,PC_POP,A,2006,66.086,
DNK,WKGPOP,TOT,PC_POP,A,2007,66.018,
DNK,WKGPOP,TOT,PC_POP,A,2008,65.893,
DNK,WKGPOP,TOT,PC_POP,A,2009,65.691,
DNK,WKGPOP,TOT,PC_POP,A,2010,65.419,
DNK,WKGPOP,TOT,PC_POP,A,2011,65.082,
DNK,WKGPOP,TOT,PC_POP,A,2012,64.788,
DNK,WKGPOP,TOT,PC_POP,A,2013,64.576,
DNK,WKGPOP,TOT,PC_POP,A,2014,64.447,
DNK,WKGPOP,TOT,PC_POP,A,2015,64.365,
DNK,WKGPOP,TOT,PC_POP,A,2016,64.261,
DNK,WKGPOP,TOT,PC_POP,A,2017,64.132,
DNK,WKGPOP,TOT,PC_POP,A,2018,63.967,
FIN,WKGPOP,TOT,PC_POP,A,1950,63.594,
FIN,WKGPOP,TOT,PC_POP,A,1951,63.214,
FIN,WKGPOP,TOT,PC_POP,A,1952,62.899,
FIN,WKGPOP,TOT,PC_POP,A,1953,62.692,
FIN,WKGPOP,TOT,PC_POP,A,1954,62.594,
FIN,WKGPOP,TOT,PC_POP,A,1955,62.409,
FIN,WKGPOP,TOT,PC_POP,A,1956,62.343,
FIN,WKGPOP,TOT,PC_POP,A,1957,62.248,
FIN,WKGPOP,TOT,PC_POP,A,1958,62.076,
FIN,WKGPOP,TOT,PC_POP,A,1959,62.09,
FIN,WKGPOP,TOT,PC_POP,A,1960,62.292,
FIN,WKGPOP,TOT,PC_POP,A,1961,62.788,
FIN,WKGPOP,TOT,PC_POP,A,1962,63.404,
FIN,WKGPOP,TOT,PC_POP,A,1963,63.973,
FIN,WKGPOP,TOT,PC_POP,A,1964,64.428,
FIN,WKGPOP,TOT,PC_POP,A,1965,64.818,
FIN,WKGPOP,TOT,PC_POP,A,1966,65.143,
FIN,WKGPOP,TOT,PC_POP,A,1967,65.448,
FIN,WKGPOP,TOT,PC_POP,A,1968,65.753,
FIN,WKGPOP,TOT,PC_POP,A,1969,65.986,
FIN,WKGPOP,TOT,PC_POP,A,1970,66.23,
FIN,WKGPOP,TOT,PC_POP,A,1971,66.569,
FIN,WKGPOP,TOT,PC_POP,A,1972,66.898,
FIN,WKGPOP,TOT,PC_POP,A,1973,67.138,
FIN,WKGPOP,TOT,PC_POP,A,1974,67.294,
FIN,WKGPOP,TOT,PC_POP,A,1975,67.372,
FIN,WKGPOP,TOT,PC_POP,A,1976,67.407,
FIN,WKGPOP,TOT,PC_POP,A,1977,67.421,
FIN,WKGPOP,TOT,PC_POP,A,1978,67.485,
FIN,WKGPOP,TOT,PC_POP,A,1979,67.597,
FIN,WKGPOP,TOT,PC_POP,A,1980,67.714,
FIN,WKGPOP,TOT,PC_POP,A,1981,67.864,
FIN,WKGPOP,TOT,PC_POP,A,1982,67.992,
FIN,WKGPOP,TOT,PC_POP,A,1983,68.06,
FIN,WKGPOP,TOT,PC_POP,A,1984,68.125,
FIN,WKGPOP,TOT,PC_POP,A,1985,68.105,
FIN,WKGPOP,TOT,PC_POP,A,1986,67.973,
FIN,WKGPOP,TOT,PC_POP,A,1987,67.831,
FIN,WKGPOP,TOT,PC_POP,A,1988,67.622,
FIN,WKGPOP,TOT,PC_POP,A,1989,67.418,
FIN,WKGPOP,TOT,PC_POP,A,1990,67.299,
FIN,WKGPOP,TOT,PC_POP,A,1991,67.214,
FIN,WKGPOP,TOT,PC_POP,A,1992,67.137,
FIN,WKGPOP,TOT,PC_POP,A,1993,67.034,
FIN,WKGPOP,TOT,PC_POP,A,1994,66.896,
FIN,WKGPOP,TOT,PC_POP,A,1995,66.755,
FIN,WKGPOP,TOT,PC_POP,A,1996,66.671,
FIN,WKGPOP,TOT,PC_POP,A,1997,66.676,
FIN,WKGPOP,TOT,PC_POP,A,1998,66.781,
FIN,WKGPOP,TOT,PC_POP,A,1999,66.894,
FIN,WKGPOP,TOT,PC_POP,A,2000,66.928,
FIN,WKGPOP,TOT,PC_POP,A,2001,66.918,
FIN,WKGPOP,TOT,PC_POP,A,2002,66.883,
FIN,WKGPOP,TOT,PC_POP,A,2003,66.824,
FIN,WKGPOP,TOT,PC_POP,A,2004,66.73,
FIN,WKGPOP,TOT,PC_POP,A,2005,66.703,
FIN,WKGPOP,TOT,PC_POP,A,2006,66.599,
FIN,WKGPOP,TOT,PC_POP,A,2007,66.535,
FIN,WKGPOP,TOT,PC_POP,A,2008,66.565,
FIN,WKGPOP,TOT,PC_POP,A,2009,66.453,
FIN,WKGPOP,TOT,PC_POP,A,2010,66.182,
FIN,WKGPOP,TOT,PC_POP,A,2011,65.69,
FIN,WKGPOP,TOT,PC_POP,A,2012,65.106,
FIN,WKGPOP,TOT,PC_POP,A,2013,64.504,
FIN,WKGPOP,TOT,PC_POP,A,2014,63.933,
FIN,WKGPOP,TOT,PC_POP,A,2015,63.435,
FIN,WKGPOP,TOT,PC_POP,A,2016,63.029,
FIN,WKGPOP,TOT,PC_POP,A,2017,62.656,
FIN,WKGPOP,TOT,PC_POP,A,2018,62.317,
FRA,WKGPOP,TOT,PC_POP,A,1950,65.911,
FRA,WKGPOP,TOT,PC_POP,A,1951,65.522,
FRA,WKGPOP,TOT,PC_POP,A,1952,65.144,
FRA,WKGPOP,TOT,PC_POP,A,1953,64.772,
FRA,WKGPOP,TOT,PC_POP,A,1954,64.406,
FRA,WKGPOP,TOT,PC_POP,A,1955,63.988,
FRA,WKGPOP,TOT,PC_POP,A,1956,63.508,
FRA,WKGPOP,TOT,PC_POP,A,1957,63.045,
FRA,WKGPOP,TOT,PC_POP,A,1958,62.663,
FRA,WKGPOP,TOT,PC_POP,A,1959,62.31,
FRA,WKGPOP,TOT,PC_POP,A,1960,61.991,
FRA,WKGPOP,TOT,PC_POP,A,1961,61.851,
FRA,WKGPOP,TOT,PC_POP,A,1962,61.998,
FRA,WKGPOP,TOT,PC_POP,A,1963,62.188,
FRA,WKGPOP,TOT,PC_POP,A,1964,62.248,
FRA,WKGPOP,TOT,PC_POP,A,1965,62.284,
FRA,WKGPOP,TOT,PC_POP,A,1966,62.278,
FRA,WKGPOP,TOT,PC_POP,A,1967,62.241,
FRA,WKGPOP,TOT,PC_POP,A,1968,62.232,
FRA,WKGPOP,TOT,PC_POP,A,1969,62.258,
FRA,WKGPOP,TOT,PC_POP,A,1970,62.301,
FRA,WKGPOP,TOT,PC_POP,A,1971,62.313,
FRA,WKGPOP,TOT,PC_POP,A,1972,62.322,
FRA,WKGPOP,TOT,PC_POP,A,1973,62.362,
FRA,WKGPOP,TOT,PC_POP,A,1974,62.464,
FRA,WKGPOP,TOT,PC_POP,A,1975,62.595,
FRA,WKGPOP,TOT,PC_POP,A,1976,62.777,
FRA,WKGPOP,TOT,PC_POP,A,1977,62.968,
FRA,WKGPOP,TOT,PC_POP,A,1978,63.141,
FRA,WKGPOP,TOT,PC_POP,A,1979,63.358,
FRA,WKGPOP,TOT,PC_POP,A,1980,63.697,
FRA,WKGPOP,TOT,PC_POP,A,1981,64.22,
FRA,WKGPOP,TOT,PC_POP,A,1982,64.752,
FRA,WKGPOP,TOT,PC_POP,A,1983,65.229,
FRA,WKGPOP,TOT,PC_POP,A,1984,65.66,
FRA,WKGPOP,TOT,PC_POP,A,1985,65.849,
FRA,WKGPOP,TOT,PC_POP,A,1986,65.87,
FRA,WKGPOP,TOT,PC_POP,A,1987,65.929,
FRA,WKGPOP,TOT,PC_POP,A,1988,65.981,
FRA,WKGPOP,TOT,PC_POP,A,1989,65.977,
FRA,WKGPOP,TOT,PC_POP,A,1990,65.88,
FRA,WKGPOP,TOT,PC_POP,A,1991,65.677,
FRA,WKGPOP,TOT,PC_POP,A,1992,65.531,
FRA,WKGPOP,TOT,PC_POP,A,1993,65.431,
FRA,WKGPOP,TOT,PC_POP,A,1994,65.351,
FRA,WKGPOP,TOT,PC_POP,A,1995,65.296,
FRA,WKGPOP,TOT,PC_POP,A,1996,65.266,
FRA,WKGPOP,TOT,PC_POP,A,1997,65.243,
FRA,WKGPOP,TOT,PC_POP,A,1998,65.197,
FRA,WKGPOP,TOT,PC_POP,A,1999,65.122,
FRA,WKGPOP,TOT,PC_POP,A,2000,65.046,
FRA,WKGPOP,TOT,PC_POP,A,2001,65,
FRA,WKGPOP,TOT,PC_POP,A,2002,64.989,
FRA,WKGPOP,TOT,PC_POP,A,2003,65.015,
FRA,WKGPOP,TOT,PC_POP,A,2004,65.039,
FRA,WKGPOP,TOT,PC_POP,A,2005,65.071,
FRA,WKGPOP,TOT,PC_POP,A,2006,65.129,
FRA,WKGPOP,TOT,PC_POP,A,2007,65.139,
FRA,WKGPOP,TOT,PC_POP,A,2008,65.046,
FRA,WKGPOP,TOT,PC_POP,A,2009,64.895,
FRA,WKGPOP,TOT,PC_POP,A,2010,64.753,
FRA,WKGPOP,TOT,PC_POP,A,2011,64.481,
FRA,WKGPOP,TOT,PC_POP,A,2012,64.06,
FRA,WKGPOP,TOT,PC_POP,A,2013,63.642,
FRA,WKGPOP,TOT,PC_POP,A,2014,63.21,
FRA,WKGPOP,TOT,PC_POP,A,2015,62.861,
FRA,WKGPOP,TOT,PC_POP,A,2016,62.594,
FRA,WKGPOP,TOT,PC_POP,A,2017,62.359,
FRA,WKGPOP,TOT,PC_POP,A,2018,62.138,
DEU,WKGPOP,TOT,PC_POP,A,1950,67.298,
DEU,WKGPOP,TOT,PC_POP,A,1951,67.185,
DEU,WKGPOP,TOT,PC_POP,A,1952,67.318,
DEU,WKGPOP,TOT,PC_POP,A,1953,67.509,
DEU,WKGPOP,TOT,PC_POP,A,1954,67.796,
DEU,WKGPOP,TOT,PC_POP,A,1955,68.132,
DEU,WKGPOP,TOT,PC_POP,A,1956,68.383,
DEU,WKGPOP,TOT,PC_POP,A,1957,68.239,
DEU,WKGPOP,TOT,PC_POP,A,1958,67.924,
DEU,WKGPOP,TOT,PC_POP,A,1959,67.675,
DEU,WKGPOP,TOT,PC_POP,A,1960,67.237,
DEU,WKGPOP,TOT,PC_POP,A,1961,66.59,
DEU,WKGPOP,TOT,PC_POP,A,1962,66,
DEU,WKGPOP,TOT,PC_POP,A,1963,65.518,
DEU,WKGPOP,TOT,PC_POP,A,1964,65.036,
DEU,WKGPOP,TOT,PC_POP,A,1965,64.637,
DEU,WKGPOP,TOT,PC_POP,A,1966,64.243,
DEU,WKGPOP,TOT,PC_POP,A,1967,63.762,
DEU,WKGPOP,TOT,PC_POP,A,1968,63.394,
DEU,WKGPOP,TOT,PC_POP,A,1969,63.253,
DEU,WKGPOP,TOT,PC_POP,A,1970,63.132,
DEU,WKGPOP,TOT,PC_POP,A,1971,63.039,
DEU,WKGPOP,TOT,PC_POP,A,1972,63.084,
DEU,WKGPOP,TOT,PC_POP,A,1973,63.244,
DEU,WKGPOP,TOT,PC_POP,A,1974,63.428,
DEU,WKGPOP,TOT,PC_POP,A,1975,63.639,
DEU,WKGPOP,TOT,PC_POP,A,1976,63.977,
DEU,WKGPOP,TOT,PC_POP,A,1977,64.358,
DEU,WKGPOP,TOT,PC_POP,A,1978,64.777,
DEU,WKGPOP,TOT,PC_POP,A,1979,65.282,
DEU,WKGPOP,TOT,PC_POP,A,1980,65.914,
DEU,WKGPOP,TOT,PC_POP,A,1981,66.725,
DEU,WKGPOP,TOT,PC_POP,A,1982,67.613,
DEU,WKGPOP,TOT,PC_POP,A,1983,68.478,
DEU,WKGPOP,TOT,PC_POP,A,1984,69.139,
DEU,WKGPOP,TOT,PC_POP,A,1985,69.423,
DEU,WKGPOP,TOT,PC_POP,A,1986,69.483,
DEU,WKGPOP,TOT,PC_POP,A,1987,69.472,
DEU,WKGPOP,TOT,PC_POP,A,1988,69.363,
DEU,WKGPOP,TOT,PC_POP,A,1989,69.197,
DEU,WKGPOP,TOT,PC_POP,A,1990,68.979,
DEU,WKGPOP,TOT,PC_POP,A,1991,68.767,
DEU,WKGPOP,TOT,PC_POP,A,1992,68.65,
DEU,WKGPOP,TOT,PC_POP,A,1993,68.526,
DEU,WKGPOP,TOT,PC_POP,A,1994,68.378,
DEU,WKGPOP,TOT,PC_POP,A,1995,68.285,
DEU,WKGPOP,TOT,PC_POP,A,1996,68.25,
DEU,WKGPOP,TOT,PC_POP,A,1997,68.239,
DEU,WKGPOP,TOT,PC_POP,A,1998,68.242,
DEU,WKGPOP,TOT,PC_POP,A,1999,68.151,
DEU,WKGPOP,TOT,PC_POP,A,2000,67.936,
DEU,WKGPOP,TOT,PC_POP,A,2001,67.725,
DEU,WKGPOP,TOT,PC_POP,A,2002,67.547,
DEU,WKGPOP,TOT,PC_POP,A,2003,67.361,
DEU,WKGPOP,TOT,PC_POP,A,2004,67.088,
DEU,WKGPOP,TOT,PC_POP,A,2005,66.768,
DEU,WKGPOP,TOT,PC_POP,A,2006,66.458,
DEU,WKGPOP,TOT,PC_POP,A,2007,66.243,
DEU,WKGPOP,TOT,PC_POP,A,2008,66.101,
DEU,WKGPOP,TOT,PC_POP,A,2009,65.939,
DEU,WKGPOP,TOT,PC_POP,A,2010,65.937,
DEU,WKGPOP,TOT,PC_POP,A,2011,65.844,
DEU,WKGPOP,TOT,PC_POP,A,2012,65.947,
DEU,WKGPOP,TOT,PC_POP,A,2013,65.966,
DEU,WKGPOP,TOT,PC_POP,A,2014,65.874,
DEU,WKGPOP,TOT,PC_POP,A,2015,65.749,
DEU,WKGPOP,TOT,PC_POP,A,2016,65.549,
DEU,WKGPOP,TOT,PC_POP,A,2017,65.254,
DEU,WKGPOP,TOT,PC_POP,A,2018,64.985,
GRC,WKGPOP,TOT,PC_POP,A,1950,64.562,
GRC,WKGPOP,TOT,PC_POP,A,1951,64.87,
GRC,WKGPOP,TOT,PC_POP,A,1952,65.343,
GRC,WKGPOP,TOT,PC_POP,A,1953,65.773,
GRC,WKGPOP,TOT,PC_POP,A,1954,66.093,
GRC,WKGPOP,TOT,PC_POP,A,1955,66.3,
GRC,WKGPOP,TOT,PC_POP,A,1956,66.269,
GRC,WKGPOP,TOT,PC_POP,A,1957,66.034,
GRC,WKGPOP,TOT,PC_POP,A,1958,65.822,
GRC,WKGPOP,TOT,PC_POP,A,1959,65.742,
GRC,WKGPOP,TOT,PC_POP,A,1960,65.77,
GRC,WKGPOP,TOT,PC_POP,A,1961,65.515,
GRC,WKGPOP,TOT,PC_POP,A,1962,65.678,
GRC,WKGPOP,TOT,PC_POP,A,1963,65.67,
GRC,WKGPOP,TOT,PC_POP,A,1964,65.514,
GRC,WKGPOP,TOT,PC_POP,A,1965,65.406,
GRC,WKGPOP,TOT,PC_POP,A,1966,65.376,
GRC,WKGPOP,TOT,PC_POP,A,1967,65.339,
GRC,WKGPOP,TOT,PC_POP,A,1968,65.22,
GRC,WKGPOP,TOT,PC_POP,A,1969,64.919,
GRC,WKGPOP,TOT,PC_POP,A,1970,64.296,
GRC,WKGPOP,TOT,PC_POP,A,1971,63.923,
GRC,WKGPOP,TOT,PC_POP,A,1972,63.915,
GRC,WKGPOP,TOT,PC_POP,A,1973,63.884,
GRC,WKGPOP,TOT,PC_POP,A,1974,63.842,
GRC,WKGPOP,TOT,PC_POP,A,1975,63.885,
GRC,WKGPOP,TOT,PC_POP,A,1976,63.879,
GRC,WKGPOP,TOT,PC_POP,A,1977,63.778,
GRC,WKGPOP,TOT,PC_POP,A,1978,63.739,
GRC,WKGPOP,TOT,PC_POP,A,1979,63.768,
GRC,WKGPOP,TOT,PC_POP,A,1980,64.045,
GRC,WKGPOP,TOT,PC_POP,A,1981,64.41,
GRC,WKGPOP,TOT,PC_POP,A,1982,64.723,
GRC,WKGPOP,TOT,PC_POP,A,1983,65.086,
GRC,WKGPOP,TOT,PC_POP,A,1984,65.407,
GRC,WKGPOP,TOT,PC_POP,A,1985,65.749,
GRC,WKGPOP,TOT,PC_POP,A,1986,65.584,
GRC,WKGPOP,TOT,PC_POP,A,1987,65.916,
GRC,WKGPOP,TOT,PC_POP,A,1988,66.249,
GRC,WKGPOP,TOT,PC_POP,A,1989,66.607,
GRC,WKGPOP,TOT,PC_POP,A,1990,66.926,
GRC,WKGPOP,TOT,PC_POP,A,1991,67.158,
GRC,WKGPOP,TOT,PC_POP,A,1992,67.362,
GRC,WKGPOP,TOT,PC_POP,A,1993,67.517,
GRC,WKGPOP,TOT,PC_POP,A,1994,67.639,
GRC,WKGPOP,TOT,PC_POP,A,1995,67.777,
GRC,WKGPOP,TOT,PC_POP,A,1996,67.899,
GRC,WKGPOP,TOT,PC_POP,A,1997,67.985,
GRC,WKGPOP,TOT,PC_POP,A,1998,68.039,
GRC,WKGPOP,TOT,PC_POP,A,1999,67.998,
GRC,WKGPOP,TOT,PC_POP,A,2000,67.863,
GRC,WKGPOP,TOT,PC_POP,A,2001,67.31,
GRC,WKGPOP,TOT,PC_POP,A,2002,66.772,
GRC,WKGPOP,TOT,PC_POP,A,2003,66.691,
GRC,WKGPOP,TOT,PC_POP,A,2004,66.653,
GRC,WKGPOP,TOT,PC_POP,A,2005,66.64,
GRC,WKGPOP,TOT,PC_POP,A,2006,66.656,
GRC,WKGPOP,TOT,PC_POP,A,2007,66.685,
GRC,WKGPOP,TOT,PC_POP,A,2008,66.648,
GRC,WKGPOP,TOT,PC_POP,A,2009,66.489,
GRC,WKGPOP,TOT,PC_POP,A,2010,66.228,
GRC,WKGPOP,TOT,PC_POP,A,2011,65.868,
GRC,WKGPOP,TOT,PC_POP,A,2012,65.459,
GRC,WKGPOP,TOT,PC_POP,A,2013,65.062,
GRC,WKGPOP,TOT,PC_POP,A,2014,64.72,
GRC,WKGPOP,TOT,PC_POP,A,2015,64.436,
GRC,WKGPOP,TOT,PC_POP,A,2016,64.16,
GRC,WKGPOP,TOT,PC_POP,A,2017,63.916,
GRC,WKGPOP,TOT,PC_POP,A,2018,63.727,
HUN,WKGPOP,TOT,PC_POP,A,1950,67.262,
HUN,WKGPOP,TOT,PC_POP,A,1951,67.053,
HUN,WKGPOP,TOT,PC_POP,A,1952,66.872,
HUN,WKGPOP,TOT,PC_POP,A,1953,66.652,
HUN,WKGPOP,TOT,PC_POP,A,1954,66.328,
HUN,WKGPOP,TOT,PC_POP,A,1955,66.042,
HUN,WKGPOP,TOT,PC_POP,A,1956,65.75,
HUN,WKGPOP,TOT,PC_POP,A,1957,65.536,
HUN,WKGPOP,TOT,PC_POP,A,1958,65.507,
HUN,WKGPOP,TOT,PC_POP,A,1959,65.58,
HUN,WKGPOP,TOT,PC_POP,A,1960,65.647,
HUN,WKGPOP,TOT,PC_POP,A,1961,65.606,
HUN,WKGPOP,TOT,PC_POP,A,1962,65.706,
HUN,WKGPOP,TOT,PC_POP,A,1963,65.93,
HUN,WKGPOP,TOT,PC_POP,A,1964,66.148,
HUN,WKGPOP,TOT,PC_POP,A,1965,66.387,
HUN,WKGPOP,TOT,PC_POP,A,1966,66.603,
HUN,WKGPOP,TOT,PC_POP,A,1967,66.735,
HUN,WKGPOP,TOT,PC_POP,A,1968,66.912,
HUN,WKGPOP,TOT,PC_POP,A,1969,67.244,
HUN,WKGPOP,TOT,PC_POP,A,1970,67.635,
HUN,WKGPOP,TOT,PC_POP,A,1971,67.929,
HUN,WKGPOP,TOT,PC_POP,A,1972,67.984,
HUN,WKGPOP,TOT,PC_POP,A,1973,67.849,
HUN,WKGPOP,TOT,PC_POP,A,1974,67.527,
HUN,WKGPOP,TOT,PC_POP,A,1975,67.037,
HUN,WKGPOP,TOT,PC_POP,A,1976,66.533,
HUN,WKGPOP,TOT,PC_POP,A,1977,66.001,
HUN,WKGPOP,TOT,PC_POP,A,1978,65.503,
HUN,WKGPOP,TOT,PC_POP,A,1979,64.949,
HUN,WKGPOP,TOT,PC_POP,A,1980,64.64,
HUN,WKGPOP,TOT,PC_POP,A,1981,64.832,
HUN,WKGPOP,TOT,PC_POP,A,1982,65.226,
HUN,WKGPOP,TOT,PC_POP,A,1983,65.749,
HUN,WKGPOP,TOT,PC_POP,A,1984,66.098,
HUN,WKGPOP,TOT,PC_POP,A,1985,66.146,
HUN,WKGPOP,TOT,PC_POP,A,1986,66.099,
HUN,WKGPOP,TOT,PC_POP,A,1987,66.049,
HUN,WKGPOP,TOT,PC_POP,A,1988,66.044,
HUN,WKGPOP,TOT,PC_POP,A,1989,66.138,
HUN,WKGPOP,TOT,PC_POP,A,1990,66.415,
HUN,WKGPOP,TOT,PC_POP,A,1991,66.755,
HUN,WKGPOP,TOT,PC_POP,A,1992,67.053,
HUN,WKGPOP,TOT,PC_POP,A,1993,67.313,
HUN,WKGPOP,TOT,PC_POP,A,1994,67.508,
HUN,WKGPOP,TOT,PC_POP,A,1995,67.63,
HUN,WKGPOP,TOT,PC_POP,A,1996,67.744,
HUN,WKGPOP,TOT,PC_POP,A,1997,67.86,
HUN,WKGPOP,TOT,PC_POP,A,1998,67.936,
HUN,WKGPOP,TOT,PC_POP,A,1999,68.038,
HUN,WKGPOP,TOT,PC_POP,A,2000,68.184,
HUN,WKGPOP,TOT,PC_POP,A,2001,68.348,
HUN,WKGPOP,TOT,PC_POP,A,2002,68.475,
HUN,WKGPOP,TOT,PC_POP,A,2003,68.576,
HUN,WKGPOP,TOT,PC_POP,A,2004,68.683,
HUN,WKGPOP,TOT,PC_POP,A,2005,68.764,
HUN,WKGPOP,TOT,PC_POP,A,2006,68.827,
HUN,WKGPOP,TOT,PC_POP,A,2007,68.836,
HUN,WKGPOP,TOT,PC_POP,A,2008,68.791,
HUN,WKGPOP,TOT,PC_POP,A,2009,68.704,
HUN,WKGPOP,TOT,PC_POP,A,2010,68.656,
HUN,WKGPOP,TOT,PC_POP,A,2011,68.648,
HUN,WKGPOP,TOT,PC_POP,A,2012,68.505,
HUN,WKGPOP,TOT,PC_POP,A,2013,68.209,
HUN,WKGPOP,TOT,PC_POP,A,2014,67.825,
HUN,WKGPOP,TOT,PC_POP,A,2015,67.426,
HUN,WKGPOP,TOT,PC_POP,A,2016,67.026,
HUN,WKGPOP,TOT,PC_POP,A,2017,66.668,
HUN,WKGPOP,TOT,PC_POP,A,2018,66.296,
ISL,WKGPOP,TOT,PC_POP,A,1950,61.854,
ISL,WKGPOP,TOT,PC_POP,A,1951,61.331,
ISL,WKGPOP,TOT,PC_POP,A,1952,60.745,
ISL,WKGPOP,TOT,PC_POP,A,1953,60.172,
ISL,WKGPOP,TOT,PC_POP,A,1954,59.632,
ISL,WKGPOP,TOT,PC_POP,A,1955,59.076,
ISL,WKGPOP,TOT,PC_POP,A,1956,58.451,
ISL,WKGPOP,TOT,PC_POP,A,1957,57.964,
ISL,WKGPOP,TOT,PC_POP,A,1958,57.641,
ISL,WKGPOP,TOT,PC_POP,A,1959,57.31,
ISL,WKGPOP,TOT,PC_POP,A,1960,57.042,
ISL,WKGPOP,TOT,PC_POP,A,1961,56.86,
ISL,WKGPOP,TOT,PC_POP,A,1962,56.789,
ISL,WKGPOP,TOT,PC_POP,A,1963,56.819,
ISL,WKGPOP,TOT,PC_POP,A,1964,56.913,
ISL,WKGPOP,TOT,PC_POP,A,1965,57.054,
ISL,WKGPOP,TOT,PC_POP,A,1966,57.247,
ISL,WKGPOP,TOT,PC_POP,A,1967,57.482,
ISL,WKGPOP,TOT,PC_POP,A,1968,57.8,
ISL,WKGPOP,TOT,PC_POP,A,1969,58.17,
ISL,WKGPOP,TOT,PC_POP,A,1970,58.569,
ISL,WKGPOP,TOT,PC_POP,A,1971,59.008,
ISL,WKGPOP,TOT,PC_POP,A,1972,59.448,
ISL,WKGPOP,TOT,PC_POP,A,1973,59.83,
ISL,WKGPOP,TOT,PC_POP,A,1974,60.26,
ISL,WKGPOP,TOT,PC_POP,A,1975,60.778,
ISL,WKGPOP,TOT,PC_POP,A,1976,61.191,
ISL,WKGPOP,TOT,PC_POP,A,1977,61.567,
ISL,WKGPOP,TOT,PC_POP,A,1978,61.997,
ISL,WKGPOP,TOT,PC_POP,A,1979,62.348,
ISL,WKGPOP,TOT,PC_POP,A,1980,62.624,
ISL,WKGPOP,TOT,PC_POP,A,1981,62.933,
ISL,WKGPOP,TOT,PC_POP,A,1982,63.204,
ISL,WKGPOP,TOT,PC_POP,A,1983,63.346,
ISL,WKGPOP,TOT,PC_POP,A,1984,63.491,
ISL,WKGPOP,TOT,PC_POP,A,1985,63.648,
ISL,WKGPOP,TOT,PC_POP,A,1986,63.776,
ISL,WKGPOP,TOT,PC_POP,A,1987,64.011,
ISL,WKGPOP,TOT,PC_POP,A,1988,64.307,
ISL,WKGPOP,TOT,PC_POP,A,1989,64.426,
ISL,WKGPOP,TOT,PC_POP,A,1990,64.412,
ISL,WKGPOP,TOT,PC_POP,A,1991,64.446,
ISL,WKGPOP,TOT,PC_POP,A,1992,64.383,
ISL,WKGPOP,TOT,PC_POP,A,1993,64.235,
ISL,WKGPOP,TOT,PC_POP,A,1994,64.242,
ISL,WKGPOP,TOT,PC_POP,A,1995,64.342,
ISL,WKGPOP,TOT,PC_POP,A,1996,64.461,
ISL,WKGPOP,TOT,PC_POP,A,1997,64.628,
ISL,WKGPOP,TOT,PC_POP,A,1998,64.844,
ISL,WKGPOP,TOT,PC_POP,A,1999,65.029,
ISL,WKGPOP,TOT,PC_POP,A,2000,65.142,
ISL,WKGPOP,TOT,PC_POP,A,2001,65.219,
ISL,WKGPOP,TOT,PC_POP,A,2002,65.306,
ISL,WKGPOP,TOT,PC_POP,A,2003,65.488,
ISL,WKGPOP,TOT,PC_POP,A,2004,65.754,
ISL,WKGPOP,TOT,PC_POP,A,2005,66.211,
ISL,WKGPOP,TOT,PC_POP,A,2006,66.836,
ISL,WKGPOP,TOT,PC_POP,A,2007,67.345,
ISL,WKGPOP,TOT,PC_POP,A,2008,67.527,
ISL,WKGPOP,TOT,PC_POP,A,2009,67.296,
ISL,WKGPOP,TOT,PC_POP,A,2010,66.932,
ISL,WKGPOP,TOT,PC_POP,A,2011,66.714,
ISL,WKGPOP,TOT,PC_POP,A,2012,66.52,
ISL,WKGPOP,TOT,PC_POP,A,2013,66.333,
ISL,WKGPOP,TOT,PC_POP,A,2014,66.187,
ISL,WKGPOP,TOT,PC_POP,A,2015,66.12,
ISL,WKGPOP,TOT,PC_POP,A,2016,66.183,
ISL,WKGPOP,TOT,PC_POP,A,2017,66.417,
ISL,WKGPOP,TOT,PC_POP,A,2018,66.695,
IRL,WKGPOP,TOT,PC_POP,A,1950,60.65,
IRL,WKGPOP,TOT,PC_POP,A,1951,60.44,
IRL,WKGPOP,TOT,PC_POP,A,1952,60.157,
IRL,WKGPOP,TOT,PC_POP,A,1953,59.881,
IRL,WKGPOP,TOT,PC_POP,A,1954,59.598,
IRL,WKGPOP,TOT,PC_POP,A,1955,59.303,
IRL,WKGPOP,TOT,PC_POP,A,1956,59.033,
IRL,WKGPOP,TOT,PC_POP,A,1957,58.766,
IRL,WKGPOP,TOT,PC_POP,A,1958,58.495,
IRL,WKGPOP,TOT,PC_POP,A,1959,58.226,
IRL,WKGPOP,TOT,PC_POP,A,1960,57.96,
IRL,WKGPOP,TOT,PC_POP,A,1961,57.694,
IRL,WKGPOP,TOT,PC_POP,A,1962,57.669,
IRL,WKGPOP,TOT,PC_POP,A,1963,57.645,
IRL,WKGPOP,TOT,PC_POP,A,1964,57.626,
IRL,WKGPOP,TOT,PC_POP,A,1965,57.608,
IRL,WKGPOP,TOT,PC_POP,A,1966,57.583,
IRL,WKGPOP,TOT,PC_POP,A,1967,57.602,
IRL,WKGPOP,TOT,PC_POP,A,1968,57.616,
IRL,WKGPOP,TOT,PC_POP,A,1969,57.633,
IRL,WKGPOP,TOT,PC_POP,A,1970,57.635,
IRL,WKGPOP,TOT,PC_POP,A,1971,57.662,
IRL,WKGPOP,TOT,PC_POP,A,1972,57.796,
IRL,WKGPOP,TOT,PC_POP,A,1973,57.917,
IRL,WKGPOP,TOT,PC_POP,A,1974,58.046,
IRL,WKGPOP,TOT,PC_POP,A,1975,58.183,
IRL,WKGPOP,TOT,PC_POP,A,1976,58.309,
IRL,WKGPOP,TOT,PC_POP,A,1977,58.443,
IRL,WKGPOP,TOT,PC_POP,A,1978,58.572,
IRL,WKGPOP,TOT,PC_POP,A,1979,58.696,
IRL,WKGPOP,TOT,PC_POP,A,1980,58.835,
IRL,WKGPOP,TOT,PC_POP,A,1981,58.976,
IRL,WKGPOP,TOT,PC_POP,A,1982,59.218,
IRL,WKGPOP,TOT,PC_POP,A,1983,59.466,
IRL,WKGPOP,TOT,PC_POP,A,1984,59.725,
IRL,WKGPOP,TOT,PC_POP,A,1985,59.968,
IRL,WKGPOP,TOT,PC_POP,A,1986,60.201,
IRL,WKGPOP,TOT,PC_POP,A,1987,60.451,
IRL,WKGPOP,TOT,PC_POP,A,1988,60.716,
IRL,WKGPOP,TOT,PC_POP,A,1989,60.937,
IRL,WKGPOP,TOT,PC_POP,A,1990,61.364,
IRL,WKGPOP,TOT,PC_POP,A,1991,61.896,
IRL,WKGPOP,TOT,PC_POP,A,1992,62.396,
IRL,WKGPOP,TOT,PC_POP,A,1993,62.93,
IRL,WKGPOP,TOT,PC_POP,A,1994,63.543,
IRL,WKGPOP,TOT,PC_POP,A,1995,64.201,
IRL,WKGPOP,TOT,PC_POP,A,1996,64.884,
IRL,WKGPOP,TOT,PC_POP,A,1997,65.553,
IRL,WKGPOP,TOT,PC_POP,A,1998,66.081,
IRL,WKGPOP,TOT,PC_POP,A,1999,66.525,
IRL,WKGPOP,TOT,PC_POP,A,2000,66.943,
IRL,WKGPOP,TOT,PC_POP,A,2001,67.317,
IRL,WKGPOP,TOT,PC_POP,A,2002,67.746,
IRL,WKGPOP,TOT,PC_POP,A,2003,67.923,
IRL,WKGPOP,TOT,PC_POP,A,2004,68.023,
IRL,WKGPOP,TOT,PC_POP,A,2005,68.253,
IRL,WKGPOP,TOT,PC_POP,A,2006,68.64,
IRL,WKGPOP,TOT,PC_POP,A,2007,69.029,
IRL,WKGPOP,TOT,PC_POP,A,2008,68.849,
IRL,WKGPOP,TOT,PC_POP,A,2009,68.339,
IRL,WKGPOP,TOT,PC_POP,A,2010,67.665,
IRL,WKGPOP,TOT,PC_POP,A,2011,67.031,
IRL,WKGPOP,TOT,PC_POP,A,2012,66.517,
IRL,WKGPOP,TOT,PC_POP,A,2013,66.127,
IRL,WKGPOP,TOT,PC_POP,A,2014,65.837,
IRL,WKGPOP,TOT,PC_POP,A,2015,65.613,
IRL,WKGPOP,TOT,PC_POP,A,2016,65.496,
IRL,WKGPOP,TOT,PC_POP,A,2017,65.427,
IRL,WKGPOP,TOT,PC_POP,A,2018,65.367,
ITA,WKGPOP,TOT,PC_POP,A,1950,65.423,
ITA,WKGPOP,TOT,PC_POP,A,1951,65.692,
ITA,WKGPOP,TOT,PC_POP,A,1952,65.753,
ITA,WKGPOP,TOT,PC_POP,A,1953,65.929,
ITA,WKGPOP,TOT,PC_POP,A,1954,66.106,
ITA,WKGPOP,TOT,PC_POP,A,1955,66.27,
ITA,WKGPOP,TOT,PC_POP,A,1956,66.361,
ITA,WKGPOP,TOT,PC_POP,A,1957,66.319,
ITA,WKGPOP,TOT,PC_POP,A,1958,66.238,
ITA,WKGPOP,TOT,PC_POP,A,1959,66.107,
ITA,WKGPOP,TOT,PC_POP,A,1960,65.922,
ITA,WKGPOP,TOT,PC_POP,A,1961,65.871,
ITA,WKGPOP,TOT,PC_POP,A,1962,65.951,
ITA,WKGPOP,TOT,PC_POP,A,1963,66.007,
ITA,WKGPOP,TOT,PC_POP,A,1964,65.928,
ITA,WKGPOP,TOT,PC_POP,A,1965,65.735,
ITA,WKGPOP,TOT,PC_POP,A,1966,65.502,
ITA,WKGPOP,TOT,PC_POP,A,1967,65.22,
ITA,WKGPOP,TOT,PC_POP,A,1968,64.97,
ITA,WKGPOP,TOT,PC_POP,A,1969,64.748,
ITA,WKGPOP,TOT,PC_POP,A,1970,64.534,
ITA,WKGPOP,TOT,PC_POP,A,1971,64.349,
ITA,WKGPOP,TOT,PC_POP,A,1972,64.173,
ITA,WKGPOP,TOT,PC_POP,A,1973,63.978,
ITA,WKGPOP,TOT,PC_POP,A,1974,63.799,
ITA,WKGPOP,TOT,PC_POP,A,1975,63.718,
ITA,WKGPOP,TOT,PC_POP,A,1976,63.733,
ITA,WKGPOP,TOT,PC_POP,A,1977,63.796,
ITA,WKGPOP,TOT,PC_POP,A,1978,63.926,
ITA,WKGPOP,TOT,PC_POP,A,1979,64.194,
ITA,WKGPOP,TOT,PC_POP,A,1980,64.578,
ITA,WKGPOP,TOT,PC_POP,A,1981,65.117,
ITA,WKGPOP,TOT,PC_POP,A,1982,65.789,
ITA,WKGPOP,TOT,PC_POP,A,1983,66.5,
ITA,WKGPOP,TOT,PC_POP,A,1984,67.167,
ITA,WKGPOP,TOT,PC_POP,A,1985,67.56,
ITA,WKGPOP,TOT,PC_POP,A,1986,67.786,
ITA,WKGPOP,TOT,PC_POP,A,1987,68.022,
ITA,WKGPOP,TOT,PC_POP,A,1988,68.216,
ITA,WKGPOP,TOT,PC_POP,A,1989,68.395,
ITA,WKGPOP,TOT,PC_POP,A,1990,68.55,
ITA,WKGPOP,TOT,PC_POP,A,1991,68.869,
ITA,WKGPOP,TOT,PC_POP,A,1992,69.064,
ITA,WKGPOP,TOT,PC_POP,A,1993,68.952,
ITA,WKGPOP,TOT,PC_POP,A,1994,68.826,
ITA,WKGPOP,TOT,PC_POP,A,1995,68.618,
ITA,WKGPOP,TOT,PC_POP,A,1996,68.368,
ITA,WKGPOP,TOT,PC_POP,A,1997,68.146,
ITA,WKGPOP,TOT,PC_POP,A,1998,67.933,
ITA,WKGPOP,TOT,PC_POP,A,1999,67.701,
ITA,WKGPOP,TOT,PC_POP,A,2000,67.445,
ITA,WKGPOP,TOT,PC_POP,A,2001,67.197,
ITA,WKGPOP,TOT,PC_POP,A,2002,66.938,
ITA,WKGPOP,TOT,PC_POP,A,2003,66.714,
ITA,WKGPOP,TOT,PC_POP,A,2004,66.489,
ITA,WKGPOP,TOT,PC_POP,A,2005,66.182,
ITA,WKGPOP,TOT,PC_POP,A,2006,65.907,
ITA,WKGPOP,TOT,PC_POP,A,2007,65.761,
ITA,WKGPOP,TOT,PC_POP,A,2008,65.673,
ITA,WKGPOP,TOT,PC_POP,A,2009,65.553,
ITA,WKGPOP,TOT,PC_POP,A,2010,65.459,
ITA,WKGPOP,TOT,PC_POP,A,2011,65.291,
ITA,WKGPOP,TOT,PC_POP,A,2012,64.994,
ITA,WKGPOP,TOT,PC_POP,A,2013,64.761,
ITA,WKGPOP,TOT,PC_POP,A,2014,64.578,
ITA,WKGPOP,TOT,PC_POP,A,2015,64.388,
ITA,WKGPOP,TOT,PC_POP,A,2016,64.238,
ITA,WKGPOP,TOT,PC_POP,A,2017,64.124,
ITA,WKGPOP,TOT,PC_POP,A,2018,64.046,
JPN,WKGPOP,TOT,PC_POP,A,1950,59.645,
JPN,WKGPOP,TOT,PC_POP,A,1951,59.942,
JPN,WKGPOP,TOT,PC_POP,A,1952,60.294,
JPN,WKGPOP,TOT,PC_POP,A,1953,60.671,
JPN,WKGPOP,TOT,PC_POP,A,1954,60.888,
JPN,WKGPOP,TOT,PC_POP,A,1955,61.244,
JPN,WKGPOP,TOT,PC_POP,A,1956,61.974,
JPN,WKGPOP,TOT,PC_POP,A,1957,62.76,
JPN,WKGPOP,TOT,PC_POP,A,1958,63.418,
JPN,WKGPOP,TOT,PC_POP,A,1959,64.065,
JPN,WKGPOP,TOT,PC_POP,A,1960,64.123,
JPN,WKGPOP,TOT,PC_POP,A,1961,64.291,
JPN,WKGPOP,TOT,PC_POP,A,1962,65.269,
JPN,WKGPOP,TOT,PC_POP,A,1963,66.344,
JPN,WKGPOP,TOT,PC_POP,A,1964,67.358,
JPN,WKGPOP,TOT,PC_POP,A,1965,67.981,
JPN,WKGPOP,TOT,PC_POP,A,1966,68.641,
JPN,WKGPOP,TOT,PC_POP,A,1967,68.878,
JPN,WKGPOP,TOT,PC_POP,A,1968,69.004,
JPN,WKGPOP,TOT,PC_POP,A,1969,69.002,
JPN,WKGPOP,TOT,PC_POP,A,1970,68.904,
JPN,WKGPOP,TOT,PC_POP,A,1971,68.705,
JPN,WKGPOP,TOT,PC_POP,A,1972,68.463,
JPN,WKGPOP,TOT,PC_POP,A,1973,68.17,
JPN,WKGPOP,TOT,PC_POP,A,1974,67.918,
JPN,WKGPOP,TOT,PC_POP,A,1975,67.749,
JPN,WKGPOP,TOT,PC_POP,A,1976,67.553,
JPN,WKGPOP,TOT,PC_POP,A,1977,67.403,
JPN,WKGPOP,TOT,PC_POP,A,1978,67.328,
JPN,WKGPOP,TOT,PC_POP,A,1979,67.302,
JPN,WKGPOP,TOT,PC_POP,A,1980,67.386,
JPN,WKGPOP,TOT,PC_POP,A,1981,67.245,
JPN,WKGPOP,TOT,PC_POP,A,1982,67.475,
JPN,WKGPOP,TOT,PC_POP,A,1983,67.711,
JPN,WKGPOP,TOT,PC_POP,A,1984,68.012,
JPN,WKGPOP,TOT,PC_POP,A,1985,68.182,
JPN,WKGPOP,TOT,PC_POP,A,1986,68.518,
JPN,WKGPOP,TOT,PC_POP,A,1987,68.858,
JPN,WKGPOP,TOT,PC_POP,A,1988,69.237,
JPN,WKGPOP,TOT,PC_POP,A,1989,69.566,
JPN,WKGPOP,TOT,PC_POP,A,1990,69.68,
JPN,WKGPOP,TOT,PC_POP,A,1991,69.779,
JPN,WKGPOP,TOT,PC_POP,A,1992,69.782,
JPN,WKGPOP,TOT,PC_POP,A,1993,69.752,
JPN,WKGPOP,TOT,PC_POP,A,1994,69.608,
JPN,WKGPOP,TOT,PC_POP,A,1995,69.488,
JPN,WKGPOP,TOT,PC_POP,A,1996,69.25,
JPN,WKGPOP,TOT,PC_POP,A,1997,68.988,
JPN,WKGPOP,TOT,PC_POP,A,1998,68.719,
JPN,WKGPOP,TOT,PC_POP,A,1999,68.483,
JPN,WKGPOP,TOT,PC_POP,A,2000,68.052,
JPN,WKGPOP,TOT,PC_POP,A,2001,67.67,
JPN,WKGPOP,TOT,PC_POP,A,2002,67.254,
JPN,WKGPOP,TOT,PC_POP,A,2003,66.922,
JPN,WKGPOP,TOT,PC_POP,A,2004,66.628,
JPN,WKGPOP,TOT,PC_POP,A,2005,66.074,
JPN,WKGPOP,TOT,PC_POP,A,2006,65.532,
JPN,WKGPOP,TOT,PC_POP,A,2007,64.971,
JPN,WKGPOP,TOT,PC_POP,A,2008,64.451,
JPN,WKGPOP,TOT,PC_POP,A,2009,63.91,
JPN,WKGPOP,TOT,PC_POP,A,2010,63.826,
JPN,WKGPOP,TOT,PC_POP,A,2011,63.648,
JPN,WKGPOP,TOT,PC_POP,A,2012,62.875,
JPN,WKGPOP,TOT,PC_POP,A,2013,62.067,
JPN,WKGPOP,TOT,PC_POP,A,2014,61.259,
JPN,WKGPOP,TOT,PC_POP,A,2015,60.806,
JPN,WKGPOP,TOT,PC_POP,A,2016,60.316,
JPN,WKGPOP,TOT,PC_POP,A,2017,59.951,
JPN,WKGPOP,TOT,PC_POP,A,2018,59.671,
KOR,WKGPOP,TOT,PC_POP,A,1950,54.64,
KOR,WKGPOP,TOT,PC_POP,A,1951,54.712,
KOR,WKGPOP,TOT,PC_POP,A,1952,55.036,
KOR,WKGPOP,TOT,PC_POP,A,1953,55.376,
KOR,WKGPOP,TOT,PC_POP,A,1954,55.531,
KOR,WKGPOP,TOT,PC_POP,A,1955,55.439,
KOR,WKGPOP,TOT,PC_POP,A,1956,55.335,
KOR,WKGPOP,TOT,PC_POP,A,1957,54.938,
KOR,WKGPOP,TOT,PC_POP,A,1958,54.382,
KOR,WKGPOP,TOT,PC_POP,A,1959,53.833,
KOR,WKGPOP,TOT,PC_POP,A,1960,54.766,
KOR,WKGPOP,TOT,PC_POP,A,1961,54.14,
KOR,WKGPOP,TOT,PC_POP,A,1962,53.776,
KOR,WKGPOP,TOT,PC_POP,A,1963,53.537,
KOR,WKGPOP,TOT,PC_POP,A,1964,53.327,
KOR,WKGPOP,TOT,PC_POP,A,1965,53.112,
KOR,WKGPOP,TOT,PC_POP,A,1966,52.972,
KOR,WKGPOP,TOT,PC_POP,A,1967,53.113,
KOR,WKGPOP,TOT,PC_POP,A,1968,53.329,
KOR,WKGPOP,TOT,PC_POP,A,1969,53.757,
KOR,WKGPOP,TOT,PC_POP,A,1970,54.403,
KOR,WKGPOP,TOT,PC_POP,A,1971,54.934,
KOR,WKGPOP,TOT,PC_POP,A,1972,55.52,
KOR,WKGPOP,TOT,PC_POP,A,1973,56.23,
KOR,WKGPOP,TOT,PC_POP,A,1974,57.02,
KOR,WKGPOP,TOT,PC_POP,A,1975,57.96,
KOR,WKGPOP,TOT,PC_POP,A,1976,59.002,
KOR,WKGPOP,TOT,PC_POP,A,1977,59.951,
KOR,WKGPOP,TOT,PC_POP,A,1978,60.85,
KOR,WKGPOP,TOT,PC_POP,A,1979,61.607,
KOR,WKGPOP,TOT,PC_POP,A,1980,62.21,
KOR,WKGPOP,TOT,PC_POP,A,1981,62.753,
KOR,WKGPOP,TOT,PC_POP,A,1982,63.266,
KOR,WKGPOP,TOT,PC_POP,A,1983,63.88,
KOR,WKGPOP,TOT,PC_POP,A,1984,64.694,
KOR,WKGPOP,TOT,PC_POP,A,1985,65.577,
KOR,WKGPOP,TOT,PC_POP,A,1986,66.441,
KOR,WKGPOP,TOT,PC_POP,A,1987,67.269,
KOR,WKGPOP,TOT,PC_POP,A,1988,68.001,
KOR,WKGPOP,TOT,PC_POP,A,1989,68.635,
KOR,WKGPOP,TOT,PC_POP,A,1990,69.281,
KOR,WKGPOP,TOT,PC_POP,A,1991,69.684,
KOR,WKGPOP,TOT,PC_POP,A,1992,69.97,
KOR,WKGPOP,TOT,PC_POP,A,1993,70.196,
KOR,WKGPOP,TOT,PC_POP,A,1994,70.44,
KOR,WKGPOP,TOT,PC_POP,A,1995,70.741,
KOR,WKGPOP,TOT,PC_POP,A,1996,71.008,
KOR,WKGPOP,TOT,PC_POP,A,1997,71.357,
KOR,WKGPOP,TOT,PC_POP,A,1998,71.567,
KOR,WKGPOP,TOT,PC_POP,A,1999,71.691,
KOR,WKGPOP,TOT,PC_POP,A,2000,71.693,
KOR,WKGPOP,TOT,PC_POP,A,2001,71.662,
KOR,WKGPOP,TOT,PC_POP,A,2002,71.687,
KOR,WKGPOP,TOT,PC_POP,A,2003,71.76,
KOR,WKGPOP,TOT,PC_POP,A,2004,71.796,
KOR,WKGPOP,TOT,PC_POP,A,2005,71.891,
KOR,WKGPOP,TOT,PC_POP,A,2006,72.118,
KOR,WKGPOP,TOT,PC_POP,A,2007,72.321,
KOR,WKGPOP,TOT,PC_POP,A,2008,72.546,
KOR,WKGPOP,TOT,PC_POP,A,2009,72.811,
KOR,WKGPOP,TOT,PC_POP,A,2010,73.068,
KOR,WKGPOP,TOT,PC_POP,A,2011,73.393,
KOR,WKGPOP,TOT,PC_POP,A,2012,73.418,
KOR,WKGPOP,TOT,PC_POP,A,2013,73.398,
KOR,WKGPOP,TOT,PC_POP,A,2014,73.415,
KOR,WKGPOP,TOT,PC_POP,A,2015,73.397,
KOR,WKGPOP,TOT,PC_POP,A,2016,73.404,
KOR,WKGPOP,TOT,PC_POP,A,2017,73.151,
KOR,WKGPOP,TOT,PC_POP,A,2018,72.767,
LUX,WKGPOP,TOT,PC_POP,A,1950,70.269,
LUX,WKGPOP,TOT,PC_POP,A,1951,70.294,
LUX,WKGPOP,TOT,PC_POP,A,1952,70.181,
LUX,WKGPOP,TOT,PC_POP,A,1953,70.036,
LUX,WKGPOP,TOT,PC_POP,A,1954,69.903,
LUX,WKGPOP,TOT,PC_POP,A,1955,69.775,
LUX,WKGPOP,TOT,PC_POP,A,1956,69.423,
LUX,WKGPOP,TOT,PC_POP,A,1957,69.123,
LUX,WKGPOP,TOT,PC_POP,A,1958,68.805,
LUX,WKGPOP,TOT,PC_POP,A,1959,68.426,
LUX,WKGPOP,TOT,PC_POP,A,1960,67.993,
LUX,WKGPOP,TOT,PC_POP,A,1961,67.544,
LUX,WKGPOP,TOT,PC_POP,A,1962,67.127,
LUX,WKGPOP,TOT,PC_POP,A,1963,66.752,
LUX,WKGPOP,TOT,PC_POP,A,1964,66.436,
LUX,WKGPOP,TOT,PC_POP,A,1965,66.186,
LUX,WKGPOP,TOT,PC_POP,A,1966,65.831,
LUX,WKGPOP,TOT,PC_POP,A,1967,65.555,
LUX,WKGPOP,TOT,PC_POP,A,1968,65.365,
LUX,WKGPOP,TOT,PC_POP,A,1969,65.262,
LUX,WKGPOP,TOT,PC_POP,A,1970,65.581,
LUX,WKGPOP,TOT,PC_POP,A,1971,65.45,
LUX,WKGPOP,TOT,PC_POP,A,1972,65.731,
LUX,WKGPOP,TOT,PC_POP,A,1973,66.058,
LUX,WKGPOP,TOT,PC_POP,A,1974,66.541,
LUX,WKGPOP,TOT,PC_POP,A,1975,66.991,
LUX,WKGPOP,TOT,PC_POP,A,1976,67.322,
LUX,WKGPOP,TOT,PC_POP,A,1977,67.576,
LUX,WKGPOP,TOT,PC_POP,A,1978,67.802,
LUX,WKGPOP,TOT,PC_POP,A,1979,67.658,
LUX,WKGPOP,TOT,PC_POP,A,1980,67.588,
LUX,WKGPOP,TOT,PC_POP,A,1981,67.983,
LUX,WKGPOP,TOT,PC_POP,A,1982,68.41,
LUX,WKGPOP,TOT,PC_POP,A,1983,68.889,
LUX,WKGPOP,TOT,PC_POP,A,1984,69.307,
LUX,WKGPOP,TOT,PC_POP,A,1985,69.551,
LUX,WKGPOP,TOT,PC_POP,A,1986,69.69,
LUX,WKGPOP,TOT,PC_POP,A,1987,69.759,
LUX,WKGPOP,TOT,PC_POP,A,1988,69.64,
LUX,WKGPOP,TOT,PC_POP,A,1989,69.438,
LUX,WKGPOP,TOT,PC_POP,A,1990,69.226,
LUX,WKGPOP,TOT,PC_POP,A,1991,68.94,
LUX,WKGPOP,TOT,PC_POP,A,1992,68.624,
LUX,WKGPOP,TOT,PC_POP,A,1993,68.273,
LUX,WKGPOP,TOT,PC_POP,A,1994,67.912,
LUX,WKGPOP,TOT,PC_POP,A,1995,67.583,
LUX,WKGPOP,TOT,PC_POP,A,1996,67.317,
LUX,WKGPOP,TOT,PC_POP,A,1997,67.115,
LUX,WKGPOP,TOT,PC_POP,A,1998,66.96,
LUX,WKGPOP,TOT,PC_POP,A,1999,66.841,
LUX,WKGPOP,TOT,PC_POP,A,2000,66.989,
LUX,WKGPOP,TOT,PC_POP,A,2001,67.166,
LUX,WKGPOP,TOT,PC_POP,A,2002,67.141,
LUX,WKGPOP,TOT,PC_POP,A,2003,67.214,
LUX,WKGPOP,TOT,PC_POP,A,2004,67.301,
LUX,WKGPOP,TOT,PC_POP,A,2005,67.399,
LUX,WKGPOP,TOT,PC_POP,A,2006,67.563,
LUX,WKGPOP,TOT,PC_POP,A,2007,67.748,
LUX,WKGPOP,TOT,PC_POP,A,2008,67.973,
LUX,WKGPOP,TOT,PC_POP,A,2009,68.195,
LUX,WKGPOP,TOT,PC_POP,A,2010,68.411,
LUX,WKGPOP,TOT,PC_POP,A,2011,68.711,
LUX,WKGPOP,TOT,PC_POP,A,2012,68.968,
LUX,WKGPOP,TOT,PC_POP,A,2013,69.061,
LUX,WKGPOP,TOT,PC_POP,A,2014,69.126,
LUX,WKGPOP,TOT,PC_POP,A,2015,69.238,
LUX,WKGPOP,TOT,PC_POP,A,2016,69.415,
LUX,WKGPOP,TOT,PC_POP,A,2017,69.531,
LUX,WKGPOP,TOT,PC_POP,A,2018,69.547,
MEX,WKGPOP,TOT,PC_POP,A,1950,53.414,
MEX,WKGPOP,TOT,PC_POP,A,1951,53.216,
MEX,WKGPOP,TOT,PC_POP,A,1952,52.987,
MEX,WKGPOP,TOT,PC_POP,A,1953,52.748,
MEX,WKGPOP,TOT,PC_POP,A,1954,52.502,
MEX,WKGPOP,TOT,PC_POP,A,1955,52.234,
MEX,WKGPOP,TOT,PC_POP,A,1956,51.955,
MEX,WKGPOP,TOT,PC_POP,A,1957,51.656,
MEX,WKGPOP,TOT,PC_POP,A,1958,51.343,
MEX,WKGPOP,TOT,PC_POP,A,1959,51.026,
MEX,WKGPOP,TOT,PC_POP,A,1960,50.714,
MEX,WKGPOP,TOT,PC_POP,A,1961,50.413,
MEX,WKGPOP,TOT,PC_POP,A,1962,50.131,
MEX,WKGPOP,TOT,PC_POP,A,1963,49.871,
MEX,WKGPOP,TOT,PC_POP,A,1964,49.638,
MEX,WKGPOP,TOT,PC_POP,A,1965,49.424,
MEX,WKGPOP,TOT,PC_POP,A,1966,49.241,
MEX,WKGPOP,TOT,PC_POP,A,1967,49.105,
MEX,WKGPOP,TOT,PC_POP,A,1968,49.011,
MEX,WKGPOP,TOT,PC_POP,A,1969,48.956,
MEX,WKGPOP,TOT,PC_POP,A,1970,48.943,
MEX,WKGPOP,TOT,PC_POP,A,1971,48.973,
MEX,WKGPOP,TOT,PC_POP,A,1972,49.043,
MEX,WKGPOP,TOT,PC_POP,A,1973,49.16,
MEX,WKGPOP,TOT,PC_POP,A,1974,49.324,
MEX,WKGPOP,TOT,PC_POP,A,1975,49.538,
MEX,WKGPOP,TOT,PC_POP,A,1976,49.803,
MEX,WKGPOP,TOT,PC_POP,A,1977,50.119,
MEX,WKGPOP,TOT,PC_POP,A,1978,50.475,
MEX,WKGPOP,TOT,PC_POP,A,1979,50.864,
MEX,WKGPOP,TOT,PC_POP,A,1980,51.281,
MEX,WKGPOP,TOT,PC_POP,A,1981,51.721,
MEX,WKGPOP,TOT,PC_POP,A,1982,52.182,
MEX,WKGPOP,TOT,PC_POP,A,1983,52.665,
MEX,WKGPOP,TOT,PC_POP,A,1984,53.172,
MEX,WKGPOP,TOT,PC_POP,A,1985,53.7,
MEX,WKGPOP,TOT,PC_POP,A,1986,54.245,
MEX,WKGPOP,TOT,PC_POP,A,1987,54.801,
MEX,WKGPOP,TOT,PC_POP,A,1988,55.36,
MEX,WKGPOP,TOT,PC_POP,A,1989,55.916,
MEX,WKGPOP,TOT,PC_POP,A,1990,56.458,
MEX,WKGPOP,TOT,PC_POP,A,1991,56.985,
MEX,WKGPOP,TOT,PC_POP,A,1992,57.485,
MEX,WKGPOP,TOT,PC_POP,A,1993,57.953,
MEX,WKGPOP,TOT,PC_POP,A,1994,58.399,
MEX,WKGPOP,TOT,PC_POP,A,1995,58.826,
MEX,WKGPOP,TOT,PC_POP,A,1996,59.234,
MEX,WKGPOP,TOT,PC_POP,A,1997,59.628,
MEX,WKGPOP,TOT,PC_POP,A,1998,60.025,
MEX,WKGPOP,TOT,PC_POP,A,1999,60.415,
MEX,WKGPOP,TOT,PC_POP,A,2000,60.773,
MEX,WKGPOP,TOT,PC_POP,A,2001,61.129,
MEX,WKGPOP,TOT,PC_POP,A,2002,61.501,
MEX,WKGPOP,TOT,PC_POP,A,2003,61.869,
MEX,WKGPOP,TOT,PC_POP,A,2004,62.22,
MEX,WKGPOP,TOT,PC_POP,A,2005,62.559,
MEX,WKGPOP,TOT,PC_POP,A,2006,62.905,
MEX,WKGPOP,TOT,PC_POP,A,2007,63.261,
MEX,WKGPOP,TOT,PC_POP,A,2008,63.622,
MEX,WKGPOP,TOT,PC_POP,A,2009,63.978,
MEX,WKGPOP,TOT,PC_POP,A,2010,64.314,
MEX,WKGPOP,TOT,PC_POP,A,2011,64.629,
MEX,WKGPOP,TOT,PC_POP,A,2012,64.916,
MEX,WKGPOP,TOT,PC_POP,A,2013,65.179,
MEX,WKGPOP,TOT,PC_POP,A,2014,65.423,
MEX,WKGPOP,TOT,PC_POP,A,2015,65.652,
MEX,WKGPOP,TOT,PC_POP,A,2016,65.867,
MEX,WKGPOP,TOT,PC_POP,A,2017,66.064,
MEX,WKGPOP,TOT,PC_POP,A,2018,66.246,
NLD,WKGPOP,TOT,PC_POP,A,1950,62.962,
NLD,WKGPOP,TOT,PC_POP,A,1951,62.676,
NLD,WKGPOP,TOT,PC_POP,A,1952,62.374,
NLD,WKGPOP,TOT,PC_POP,A,1953,62.098,
NLD,WKGPOP,TOT,PC_POP,A,1954,61.888,
NLD,WKGPOP,TOT,PC_POP,A,1955,61.716,
NLD,WKGPOP,TOT,PC_POP,A,1956,61.535,
NLD,WKGPOP,TOT,PC_POP,A,1957,61.353,
NLD,WKGPOP,TOT,PC_POP,A,1958,61.204,
NLD,WKGPOP,TOT,PC_POP,A,1959,61.11,
NLD,WKGPOP,TOT,PC_POP,A,1960,61.02,
NLD,WKGPOP,TOT,PC_POP,A,1961,61.183,
NLD,WKGPOP,TOT,PC_POP,A,1962,61.598,
NLD,WKGPOP,TOT,PC_POP,A,1963,61.892,
NLD,WKGPOP,TOT,PC_POP,A,1964,62.059,
NLD,WKGPOP,TOT,PC_POP,A,1965,62.174,
NLD,WKGPOP,TOT,PC_POP,A,1966,62.28,
NLD,WKGPOP,TOT,PC_POP,A,1967,62.345,
NLD,WKGPOP,TOT,PC_POP,A,1968,62.402,
NLD,WKGPOP,TOT,PC_POP,A,1969,62.468,
NLD,WKGPOP,TOT,PC_POP,A,1970,62.55,
NLD,WKGPOP,TOT,PC_POP,A,1971,62.691,
NLD,WKGPOP,TOT,PC_POP,A,1972,62.88,
NLD,WKGPOP,TOT,PC_POP,A,1973,63.133,
NLD,WKGPOP,TOT,PC_POP,A,1974,63.467,
NLD,WKGPOP,TOT,PC_POP,A,1975,63.867,
NLD,WKGPOP,TOT,PC_POP,A,1976,64.326,
NLD,WKGPOP,TOT,PC_POP,A,1977,64.787,
NLD,WKGPOP,TOT,PC_POP,A,1978,65.237,
NLD,WKGPOP,TOT,PC_POP,A,1979,65.705,
NLD,WKGPOP,TOT,PC_POP,A,1980,66.163,
NLD,WKGPOP,TOT,PC_POP,A,1981,66.596,
NLD,WKGPOP,TOT,PC_POP,A,1982,67.046,
NLD,WKGPOP,TOT,PC_POP,A,1983,67.53,
NLD,WKGPOP,TOT,PC_POP,A,1984,68.045,
NLD,WKGPOP,TOT,PC_POP,A,1985,68.473,
NLD,WKGPOP,TOT,PC_POP,A,1986,68.752,
NLD,WKGPOP,TOT,PC_POP,A,1987,68.945,
NLD,WKGPOP,TOT,PC_POP,A,1988,69.019,
NLD,WKGPOP,TOT,PC_POP,A,1989,68.997,
NLD,WKGPOP,TOT,PC_POP,A,1990,68.924,
NLD,WKGPOP,TOT,PC_POP,A,1991,68.823,
NLD,WKGPOP,TOT,PC_POP,A,1992,68.713,
NLD,WKGPOP,TOT,PC_POP,A,1993,68.606,
NLD,WKGPOP,TOT,PC_POP,A,1994,68.485,
NLD,WKGPOP,TOT,PC_POP,A,1995,68.365,
NLD,WKGPOP,TOT,PC_POP,A,1996,68.275,
NLD,WKGPOP,TOT,PC_POP,A,1997,68.169,
NLD,WKGPOP,TOT,PC_POP,A,1998,68.041,
NLD,WKGPOP,TOT,PC_POP,A,1999,67.92,
NLD,WKGPOP,TOT,PC_POP,A,2000,67.818,
NLD,WKGPOP,TOT,PC_POP,A,2001,67.752,
NLD,WKGPOP,TOT,PC_POP,A,2002,67.714,
NLD,WKGPOP,TOT,PC_POP,A,2003,67.651,
NLD,WKGPOP,TOT,PC_POP,A,2004,67.558,
NLD,WKGPOP,TOT,PC_POP,A,2005,67.486,
NLD,WKGPOP,TOT,PC_POP,A,2006,67.447,
NLD,WKGPOP,TOT,PC_POP,A,2007,67.41,
NLD,WKGPOP,TOT,PC_POP,A,2008,67.33,
NLD,WKGPOP,TOT,PC_POP,A,2009,67.193,
NLD,WKGPOP,TOT,PC_POP,A,2010,67.038,
NLD,WKGPOP,TOT,PC_POP,A,2011,66.707,
NLD,WKGPOP,TOT,PC_POP,A,2012,66.232,
NLD,WKGPOP,TOT,PC_POP,A,2013,65.868,
NLD,WKGPOP,TOT,PC_POP,A,2014,65.597,
NLD,WKGPOP,TOT,PC_POP,A,2015,65.407,
NLD,WKGPOP,TOT,PC_POP,A,2016,65.278,
NLD,WKGPOP,TOT,PC_POP,A,2017,65.142,
NLD,WKGPOP,TOT,PC_POP,A,2018,65.019,
NZL,WKGPOP,TOT,PC_POP,A,1950,61.941,
NZL,WKGPOP,TOT,PC_POP,A,1951,61.3,
NZL,WKGPOP,TOT,PC_POP,A,1952,60.804,
NZL,WKGPOP,TOT,PC_POP,A,1953,60.391,
NZL,WKGPOP,TOT,PC_POP,A,1954,60.006,
NZL,WKGPOP,TOT,PC_POP,A,1955,59.705,
NZL,WKGPOP,TOT,PC_POP,A,1956,59.508,
NZL,WKGPOP,TOT,PC_POP,A,1957,59.304,
NZL,WKGPOP,TOT,PC_POP,A,1958,59.053,
NZL,WKGPOP,TOT,PC_POP,A,1959,58.76,
NZL,WKGPOP,TOT,PC_POP,A,1960,58.489,
NZL,WKGPOP,TOT,PC_POP,A,1961,58.412,
NZL,WKGPOP,TOT,PC_POP,A,1962,58.523,
NZL,WKGPOP,TOT,PC_POP,A,1963,58.668,
NZL,WKGPOP,TOT,PC_POP,A,1964,58.823,
NZL,WKGPOP,TOT,PC_POP,A,1965,58.946,
NZL,WKGPOP,TOT,PC_POP,A,1966,59.09,
NZL,WKGPOP,TOT,PC_POP,A,1967,59.215,
NZL,WKGPOP,TOT,PC_POP,A,1968,59.26,
NZL,WKGPOP,TOT,PC_POP,A,1969,59.376,
NZL,WKGPOP,TOT,PC_POP,A,1970,59.613,
NZL,WKGPOP,TOT,PC_POP,A,1971,59.811,
NZL,WKGPOP,TOT,PC_POP,A,1972,60.014,
NZL,WKGPOP,TOT,PC_POP,A,1973,60.351,
NZL,WKGPOP,TOT,PC_POP,A,1974,60.791,
NZL,WKGPOP,TOT,PC_POP,A,1975,61.181,
NZL,WKGPOP,TOT,PC_POP,A,1976,61.564,
NZL,WKGPOP,TOT,PC_POP,A,1977,62.015,
NZL,WKGPOP,TOT,PC_POP,A,1978,62.435,
NZL,WKGPOP,TOT,PC_POP,A,1979,62.809,
NZL,WKGPOP,TOT,PC_POP,A,1980,63.274,
NZL,WKGPOP,TOT,PC_POP,A,1981,63.63,
NZL,WKGPOP,TOT,PC_POP,A,1982,63.921,
NZL,WKGPOP,TOT,PC_POP,A,1983,64.392,
NZL,WKGPOP,TOT,PC_POP,A,1984,64.838,
NZL,WKGPOP,TOT,PC_POP,A,1985,65.206,
NZL,WKGPOP,TOT,PC_POP,A,1986,65.432,
NZL,WKGPOP,TOT,PC_POP,A,1987,65.653,
NZL,WKGPOP,TOT,PC_POP,A,1988,65.833,
NZL,WKGPOP,TOT,PC_POP,A,1989,65.851,
NZL,WKGPOP,TOT,PC_POP,A,1990,65.782,
NZL,WKGPOP,TOT,PC_POP,A,1991,65.709,
NZL,WKGPOP,TOT,PC_POP,A,1992,65.627,
NZL,WKGPOP,TOT,PC_POP,A,1993,65.499,
NZL,WKGPOP,TOT,PC_POP,A,1994,65.436,
NZL,WKGPOP,TOT,PC_POP,A,1995,65.402,
NZL,WKGPOP,TOT,PC_POP,A,1996,65.443,
NZL,WKGPOP,TOT,PC_POP,A,1997,65.467,
NZL,WKGPOP,TOT,PC_POP,A,1998,65.439,
NZL,WKGPOP,TOT,PC_POP,A,1999,65.444,
NZL,WKGPOP,TOT,PC_POP,A,2000,65.467,
NZL,WKGPOP,TOT,PC_POP,A,2001,65.525,
NZL,WKGPOP,TOT,PC_POP,A,2002,65.781,
NZL,WKGPOP,TOT,PC_POP,A,2003,66.089,
NZL,WKGPOP,TOT,PC_POP,A,2004,66.295,
NZL,WKGPOP,TOT,PC_POP,A,2005,66.456,
NZL,WKGPOP,TOT,PC_POP,A,2006,66.545,
NZL,WKGPOP,TOT,PC_POP,A,2007,66.462,
NZL,WKGPOP,TOT,PC_POP,A,2008,66.416,
NZL,WKGPOP,TOT,PC_POP,A,2009,66.311,
NZL,WKGPOP,TOT,PC_POP,A,2010,66.174,
NZL,WKGPOP,TOT,PC_POP,A,2011,65.994,
NZL,WKGPOP,TOT,PC_POP,A,2012,65.679,
NZL,WKGPOP,TOT,PC_POP,A,2013,65.449,
NZL,WKGPOP,TOT,PC_POP,A,2014,65.375,
NZL,WKGPOP,TOT,PC_POP,A,2015,65.431,
NZL,WKGPOP,TOT,PC_POP,A,2016,65.481,
NZL,WKGPOP,TOT,PC_POP,A,2017,65.439,
NZL,WKGPOP,TOT,PC_POP,A,2018,65.375,
NOR,WKGPOP,TOT,PC_POP,A,1950,66.193,
NOR,WKGPOP,TOT,PC_POP,A,1951,65.731,
NOR,WKGPOP,TOT,PC_POP,A,1952,65.286,
NOR,WKGPOP,TOT,PC_POP,A,1953,64.861,
NOR,WKGPOP,TOT,PC_POP,A,1954,64.491,
NOR,WKGPOP,TOT,PC_POP,A,1955,64.187,
NOR,WKGPOP,TOT,PC_POP,A,1956,63.773,
NOR,WKGPOP,TOT,PC_POP,A,1957,63.365,
NOR,WKGPOP,TOT,PC_POP,A,1958,63.142,
NOR,WKGPOP,TOT,PC_POP,A,1959,63.04,
NOR,WKGPOP,TOT,PC_POP,A,1960,63.043,
NOR,WKGPOP,TOT,PC_POP,A,1961,63.159,
NOR,WKGPOP,TOT,PC_POP,A,1962,63.32,
NOR,WKGPOP,TOT,PC_POP,A,1963,63.399,
NOR,WKGPOP,TOT,PC_POP,A,1964,63.379,
NOR,WKGPOP,TOT,PC_POP,A,1965,63.275,
NOR,WKGPOP,TOT,PC_POP,A,1966,63.108,
NOR,WKGPOP,TOT,PC_POP,A,1967,62.948,
NOR,WKGPOP,TOT,PC_POP,A,1968,62.833,
NOR,WKGPOP,TOT,PC_POP,A,1969,62.725,
NOR,WKGPOP,TOT,PC_POP,A,1970,62.645,
NOR,WKGPOP,TOT,PC_POP,A,1971,62.604,
NOR,WKGPOP,TOT,PC_POP,A,1972,62.569,
NOR,WKGPOP,TOT,PC_POP,A,1973,62.541,
NOR,WKGPOP,TOT,PC_POP,A,1974,62.524,
NOR,WKGPOP,TOT,PC_POP,A,1975,62.519,
NOR,WKGPOP,TOT,PC_POP,A,1976,62.556,
NOR,WKGPOP,TOT,PC_POP,A,1977,62.626,
NOR,WKGPOP,TOT,PC_POP,A,1978,62.723,
NOR,WKGPOP,TOT,PC_POP,A,1979,62.875,
NOR,WKGPOP,TOT,PC_POP,A,1980,63.074,
NOR,WKGPOP,TOT,PC_POP,A,1981,63.31,
NOR,WKGPOP,TOT,PC_POP,A,1982,63.535,
NOR,WKGPOP,TOT,PC_POP,A,1983,63.762,
NOR,WKGPOP,TOT,PC_POP,A,1984,64.058,
NOR,WKGPOP,TOT,PC_POP,A,1985,64.27,
NOR,WKGPOP,TOT,PC_POP,A,1986,64.41,
NOR,WKGPOP,TOT,PC_POP,A,1987,64.603,
NOR,WKGPOP,TOT,PC_POP,A,1988,64.74,
NOR,WKGPOP,TOT,PC_POP,A,1989,64.767,
NOR,WKGPOP,TOT,PC_POP,A,1990,64.747,
NOR,WKGPOP,TOT,PC_POP,A,1991,64.703,
NOR,WKGPOP,TOT,PC_POP,A,1992,64.642,
NOR,WKGPOP,TOT,PC_POP,A,1993,64.61,
NOR,WKGPOP,TOT,PC_POP,A,1994,64.598,
NOR,WKGPOP,TOT,PC_POP,A,1995,64.579,
NOR,WKGPOP,TOT,PC_POP,A,1996,64.56,
NOR,WKGPOP,TOT,PC_POP,A,1997,64.565,
NOR,WKGPOP,TOT,PC_POP,A,1998,64.627,
NOR,WKGPOP,TOT,PC_POP,A,1999,64.722,
NOR,WKGPOP,TOT,PC_POP,A,2000,64.829,
NOR,WKGPOP,TOT,PC_POP,A,2001,64.958,
NOR,WKGPOP,TOT,PC_POP,A,2002,65.117,
NOR,WKGPOP,TOT,PC_POP,A,2003,65.291,
NOR,WKGPOP,TOT,PC_POP,A,2004,65.461,
NOR,WKGPOP,TOT,PC_POP,A,2005,65.648,
NOR,WKGPOP,TOT,PC_POP,A,2006,65.876,
NOR,WKGPOP,TOT,PC_POP,A,2007,66.106,
NOR,WKGPOP,TOT,PC_POP,A,2008,66.258,
NOR,WKGPOP,TOT,PC_POP,A,2009,66.27,
NOR,WKGPOP,TOT,PC_POP,A,2010,66.208,
NOR,WKGPOP,TOT,PC_POP,A,2011,66.126,
NOR,WKGPOP,TOT,PC_POP,A,2012,66.03,
NOR,WKGPOP,TOT,PC_POP,A,2013,65.932,
NOR,WKGPOP,TOT,PC_POP,A,2014,65.838,
NOR,WKGPOP,TOT,PC_POP,A,2015,65.743,
NOR,WKGPOP,TOT,PC_POP,A,2016,65.608,
NOR,WKGPOP,TOT,PC_POP,A,2017,65.435,
NOR,WKGPOP,TOT,PC_POP,A,2018,65.274,
POL,WKGPOP,TOT,PC_POP,A,1950,65.384,
POL,WKGPOP,TOT,PC_POP,A,1951,64.924,
POL,WKGPOP,TOT,PC_POP,A,1952,64.697,
POL,WKGPOP,TOT,PC_POP,A,1953,64.466,
POL,WKGPOP,TOT,PC_POP,A,1954,64.095,
POL,WKGPOP,TOT,PC_POP,A,1955,63.571,
POL,WKGPOP,TOT,PC_POP,A,1956,63.036,
POL,WKGPOP,TOT,PC_POP,A,1957,62.337,
POL,WKGPOP,TOT,PC_POP,A,1958,61.613,
POL,WKGPOP,TOT,PC_POP,A,1959,61.049,
POL,WKGPOP,TOT,PC_POP,A,1960,60.183,
POL,WKGPOP,TOT,PC_POP,A,1961,60.554,
POL,WKGPOP,TOT,PC_POP,A,1962,60.747,
POL,WKGPOP,TOT,PC_POP,A,1963,61.12,
POL,WKGPOP,TOT,PC_POP,A,1964,61.608,
POL,WKGPOP,TOT,PC_POP,A,1965,62.146,
POL,WKGPOP,TOT,PC_POP,A,1966,62.687,
POL,WKGPOP,TOT,PC_POP,A,1967,63.269,
POL,WKGPOP,TOT,PC_POP,A,1968,63.792,
POL,WKGPOP,TOT,PC_POP,A,1969,64.365,
POL,WKGPOP,TOT,PC_POP,A,1970,65.125,
POL,WKGPOP,TOT,PC_POP,A,1971,65.296,
POL,WKGPOP,TOT,PC_POP,A,1972,65.757,
POL,WKGPOP,TOT,PC_POP,A,1973,66.128,
POL,WKGPOP,TOT,PC_POP,A,1974,66.357,
POL,WKGPOP,TOT,PC_POP,A,1975,66.432,
POL,WKGPOP,TOT,PC_POP,A,1976,66.378,
POL,WKGPOP,TOT,PC_POP,A,1977,66.2,
POL,WKGPOP,TOT,PC_POP,A,1978,66.019,
POL,WKGPOP,TOT,PC_POP,A,1979,65.764,
POL,WKGPOP,TOT,PC_POP,A,1980,65.617,
POL,WKGPOP,TOT,PC_POP,A,1981,65.557,
POL,WKGPOP,TOT,PC_POP,A,1982,65.503,
POL,WKGPOP,TOT,PC_POP,A,1983,65.407,
POL,WKGPOP,TOT,PC_POP,A,1984,65.238,
POL,WKGPOP,TOT,PC_POP,A,1985,65.052,
POL,WKGPOP,TOT,PC_POP,A,1986,64.913,
POL,WKGPOP,TOT,PC_POP,A,1987,64.845,
POL,WKGPOP,TOT,PC_POP,A,1988,64.776,
POL,WKGPOP,TOT,PC_POP,A,1989,64.726,
POL,WKGPOP,TOT,PC_POP,A,1990,65.189,
POL,WKGPOP,TOT,PC_POP,A,1991,65.557,
POL,WKGPOP,TOT,PC_POP,A,1992,65.925,
POL,WKGPOP,TOT,PC_POP,A,1993,66.276,
POL,WKGPOP,TOT,PC_POP,A,1994,66.601,
POL,WKGPOP,TOT,PC_POP,A,1995,66.92,
POL,WKGPOP,TOT,PC_POP,A,1996,67.23,
POL,WKGPOP,TOT,PC_POP,A,1997,67.54,
POL,WKGPOP,TOT,PC_POP,A,1998,67.847,
POL,WKGPOP,TOT,PC_POP,A,1999,68.025,
POL,WKGPOP,TOT,PC_POP,A,2000,68.313,
POL,WKGPOP,TOT,PC_POP,A,2001,68.795,
POL,WKGPOP,TOT,PC_POP,A,2002,69.197,
POL,WKGPOP,TOT,PC_POP,A,2003,69.622,
POL,WKGPOP,TOT,PC_POP,A,2004,69.983,
POL,WKGPOP,TOT,PC_POP,A,2005,70.322,
POL,WKGPOP,TOT,PC_POP,A,2006,70.641,
POL,WKGPOP,TOT,PC_POP,A,2007,70.928,
POL,WKGPOP,TOT,PC_POP,A,2008,71.151,
POL,WKGPOP,TOT,PC_POP,A,2009,71.268,
POL,WKGPOP,TOT,PC_POP,A,2010,71.313,
POL,WKGPOP,TOT,PC_POP,A,2011,71.221,
POL,WKGPOP,TOT,PC_POP,A,2012,70.903,
POL,WKGPOP,TOT,PC_POP,A,2013,70.51,
POL,WKGPOP,TOT,PC_POP,A,2014,70.02,
POL,WKGPOP,TOT,PC_POP,A,2015,69.506,
POL,WKGPOP,TOT,PC_POP,A,2016,68.91,
POL,WKGPOP,TOT,PC_POP,A,2017,68.244,
POL,WKGPOP,TOT,PC_POP,A,2018,67.553,
PRT,WKGPOP,TOT,PC_POP,A,1950,63.751,
PRT,WKGPOP,TOT,PC_POP,A,1951,63.629,
PRT,WKGPOP,TOT,PC_POP,A,1952,63.698,
PRT,WKGPOP,TOT,PC_POP,A,1953,63.705,
PRT,WKGPOP,TOT,PC_POP,A,1954,63.736,
PRT,WKGPOP,TOT,PC_POP,A,1955,63.583,
PRT,WKGPOP,TOT,PC_POP,A,1956,63.352,
PRT,WKGPOP,TOT,PC_POP,A,1957,63.139,
PRT,WKGPOP,TOT,PC_POP,A,1958,62.927,
PRT,WKGPOP,TOT,PC_POP,A,1959,62.833,
PRT,WKGPOP,TOT,PC_POP,A,1960,62.841,
PRT,WKGPOP,TOT,PC_POP,A,1961,62.887,
PRT,WKGPOP,TOT,PC_POP,A,1962,62.879,
PRT,WKGPOP,TOT,PC_POP,A,1963,62.908,
PRT,WKGPOP,TOT,PC_POP,A,1964,62.95,
PRT,WKGPOP,TOT,PC_POP,A,1965,62.746,
PRT,WKGPOP,TOT,PC_POP,A,1966,62.433,
PRT,WKGPOP,TOT,PC_POP,A,1967,62.23,
PRT,WKGPOP,TOT,PC_POP,A,1968,62.05,
PRT,WKGPOP,TOT,PC_POP,A,1969,61.895,
PRT,WKGPOP,TOT,PC_POP,A,1970,61.846,
PRT,WKGPOP,TOT,PC_POP,A,1971,61.813,
PRT,WKGPOP,TOT,PC_POP,A,1972,61.801,
PRT,WKGPOP,TOT,PC_POP,A,1973,61.962,
PRT,WKGPOP,TOT,PC_POP,A,1974,62.254,
PRT,WKGPOP,TOT,PC_POP,A,1975,62.267,
PRT,WKGPOP,TOT,PC_POP,A,1976,62.157,
PRT,WKGPOP,TOT,PC_POP,A,1977,62.232,
PRT,WKGPOP,TOT,PC_POP,A,1978,62.386,
PRT,WKGPOP,TOT,PC_POP,A,1979,62.614,
PRT,WKGPOP,TOT,PC_POP,A,1980,62.89,
PRT,WKGPOP,TOT,PC_POP,A,1981,63.188,
PRT,WKGPOP,TOT,PC_POP,A,1982,63.481,
PRT,WKGPOP,TOT,PC_POP,A,1983,63.827,
PRT,WKGPOP,TOT,PC_POP,A,1984,64.195,
PRT,WKGPOP,TOT,PC_POP,A,1985,64.5,
PRT,WKGPOP,TOT,PC_POP,A,1986,64.786,
PRT,WKGPOP,TOT,PC_POP,A,1987,65.109,
PRT,WKGPOP,TOT,PC_POP,A,1988,65.443,
PRT,WKGPOP,TOT,PC_POP,A,1989,65.781,
PRT,WKGPOP,TOT,PC_POP,A,1990,66.179,
PRT,WKGPOP,TOT,PC_POP,A,1991,66.544,
PRT,WKGPOP,TOT,PC_POP,A,1992,66.813,
PRT,WKGPOP,TOT,PC_POP,A,1993,67.016,
PRT,WKGPOP,TOT,PC_POP,A,1994,67.17,
PRT,WKGPOP,TOT,PC_POP,A,1995,67.309,
PRT,WKGPOP,TOT,PC_POP,A,1996,67.41,
PRT,WKGPOP,TOT,PC_POP,A,1997,67.463,
PRT,WKGPOP,TOT,PC_POP,A,1998,67.477,
PRT,WKGPOP,TOT,PC_POP,A,1999,67.473,
PRT,WKGPOP,TOT,PC_POP,A,2000,67.438,
PRT,WKGPOP,TOT,PC_POP,A,2001,67.34,
PRT,WKGPOP,TOT,PC_POP,A,2002,67.206,
PRT,WKGPOP,TOT,PC_POP,A,2003,67.076,
PRT,WKGPOP,TOT,PC_POP,A,2004,66.93,
PRT,WKGPOP,TOT,PC_POP,A,2005,66.806,
PRT,WKGPOP,TOT,PC_POP,A,2006,66.745,
PRT,WKGPOP,TOT,PC_POP,A,2007,66.713,
PRT,WKGPOP,TOT,PC_POP,A,2008,66.644,
PRT,WKGPOP,TOT,PC_POP,A,2009,66.514,
PRT,WKGPOP,TOT,PC_POP,A,2010,66.329,
PRT,WKGPOP,TOT,PC_POP,A,2011,66.127,
PRT,WKGPOP,TOT,PC_POP,A,2012,65.936,
PRT,WKGPOP,TOT,PC_POP,A,2013,65.696,
PRT,WKGPOP,TOT,PC_POP,A,2014,65.45,
PRT,WKGPOP,TOT,PC_POP,A,2015,65.258,
PRT,WKGPOP,TOT,PC_POP,A,2016,65.034,
PRT,WKGPOP,TOT,PC_POP,A,2017,64.776,
PRT,WKGPOP,TOT,PC_POP,A,2018,64.561,
SVK,WKGPOP,TOT,PC_POP,A,1950,64.538,
SVK,WKGPOP,TOT,PC_POP,A,1951,64.194,
SVK,WKGPOP,TOT,PC_POP,A,1952,63.748,
SVK,WKGPOP,TOT,PC_POP,A,1953,63.442,
SVK,WKGPOP,TOT,PC_POP,A,1954,63.034,
SVK,WKGPOP,TOT,PC_POP,A,1955,62.754,
SVK,WKGPOP,TOT,PC_POP,A,1956,62.468,
SVK,WKGPOP,TOT,PC_POP,A,1957,62.177,
SVK,WKGPOP,TOT,PC_POP,A,1958,61.908,
SVK,WKGPOP,TOT,PC_POP,A,1959,61.761,
SVK,WKGPOP,TOT,PC_POP,A,1960,61.54,
SVK,WKGPOP,TOT,PC_POP,A,1961,61.43,
SVK,WKGPOP,TOT,PC_POP,A,1962,61.406,
SVK,WKGPOP,TOT,PC_POP,A,1963,61.524,
SVK,WKGPOP,TOT,PC_POP,A,1964,61.608,
SVK,WKGPOP,TOT,PC_POP,A,1965,61.755,
SVK,WKGPOP,TOT,PC_POP,A,1966,62.058,
SVK,WKGPOP,TOT,PC_POP,A,1967,62.437,
SVK,WKGPOP,TOT,PC_POP,A,1968,62.832,
SVK,WKGPOP,TOT,PC_POP,A,1969,63.208,
SVK,WKGPOP,TOT,PC_POP,A,1970,63.541,
SVK,WKGPOP,TOT,PC_POP,A,1971,63.696,
SVK,WKGPOP,TOT,PC_POP,A,1972,63.975,
SVK,WKGPOP,TOT,PC_POP,A,1973,64.093,
SVK,WKGPOP,TOT,PC_POP,A,1974,64.039,
SVK,WKGPOP,TOT,PC_POP,A,1975,63.906,
SVK,WKGPOP,TOT,PC_POP,A,1976,63.811,
SVK,WKGPOP,TOT,PC_POP,A,1977,63.674,
SVK,WKGPOP,TOT,PC_POP,A,1978,63.532,
SVK,WKGPOP,TOT,PC_POP,A,1979,63.401,
SVK,WKGPOP,TOT,PC_POP,A,1980,63.402,
SVK,WKGPOP,TOT,PC_POP,A,1981,63.682,
SVK,WKGPOP,TOT,PC_POP,A,1982,63.937,
SVK,WKGPOP,TOT,PC_POP,A,1983,64.182,
SVK,WKGPOP,TOT,PC_POP,A,1984,64.251,
SVK,WKGPOP,TOT,PC_POP,A,1985,64.145,
SVK,WKGPOP,TOT,PC_POP,A,1986,64.038,
SVK,WKGPOP,TOT,PC_POP,A,1987,63.96,
SVK,WKGPOP,TOT,PC_POP,A,1988,63.986,
SVK,WKGPOP,TOT,PC_POP,A,1989,64.157,
SVK,WKGPOP,TOT,PC_POP,A,1990,64.428,
SVK,WKGPOP,TOT,PC_POP,A,1991,64.838,
SVK,WKGPOP,TOT,PC_POP,A,1992,65.18,
SVK,WKGPOP,TOT,PC_POP,A,1993,65.574,
SVK,WKGPOP,TOT,PC_POP,A,1994,66.05,
SVK,WKGPOP,TOT,PC_POP,A,1995,66.542,
SVK,WKGPOP,TOT,PC_POP,A,1996,67.005,
SVK,WKGPOP,TOT,PC_POP,A,1997,67.46,
SVK,WKGPOP,TOT,PC_POP,A,1998,67.97,
SVK,WKGPOP,TOT,PC_POP,A,1999,68.511,
SVK,WKGPOP,TOT,PC_POP,A,2000,69.061,
SVK,WKGPOP,TOT,PC_POP,A,2001,69.572,
SVK,WKGPOP,TOT,PC_POP,A,2002,70.119,
SVK,WKGPOP,TOT,PC_POP,A,2003,70.643,
SVK,WKGPOP,TOT,PC_POP,A,2004,71.08,
SVK,WKGPOP,TOT,PC_POP,A,2005,71.455,
SVK,WKGPOP,TOT,PC_POP,A,2006,71.798,
SVK,WKGPOP,TOT,PC_POP,A,2007,72.099,
SVK,WKGPOP,TOT,PC_POP,A,2008,72.331,
SVK,WKGPOP,TOT,PC_POP,A,2009,72.411,
SVK,WKGPOP,TOT,PC_POP,A,2010,72.34,
SVK,WKGPOP,TOT,PC_POP,A,2011,71.906,
SVK,WKGPOP,TOT,PC_POP,A,2012,71.669,
SVK,WKGPOP,TOT,PC_POP,A,2013,71.322,
SVK,WKGPOP,TOT,PC_POP,A,2014,70.932,
SVK,WKGPOP,TOT,PC_POP,A,2015,70.472,
SVK,WKGPOP,TOT,PC_POP,A,2016,69.885,
SVK,WKGPOP,TOT,PC_POP,A,2017,69.21,
SVK,WKGPOP,TOT,PC_POP,A,2018,68.541,
ESP,WKGPOP,TOT,PC_POP,A,1950,66.282,
ESP,WKGPOP,TOT,PC_POP,A,1951,66.255,
ESP,WKGPOP,TOT,PC_POP,A,1952,66.164,
ESP,WKGPOP,TOT,PC_POP,A,1953,65.98,
ESP,WKGPOP,TOT,PC_POP,A,1954,65.741,
ESP,WKGPOP,TOT,PC_POP,A,1955,65.502,
ESP,WKGPOP,TOT,PC_POP,A,1956,65.271,
ESP,WKGPOP,TOT,PC_POP,A,1957,65.009,
ESP,WKGPOP,TOT,PC_POP,A,1958,64.767,
ESP,WKGPOP,TOT,PC_POP,A,1959,64.577,
ESP,WKGPOP,TOT,PC_POP,A,1960,64.437,
ESP,WKGPOP,TOT,PC_POP,A,1961,64.193,
ESP,WKGPOP,TOT,PC_POP,A,1962,64.15,
ESP,WKGPOP,TOT,PC_POP,A,1963,64.007,
ESP,WKGPOP,TOT,PC_POP,A,1964,63.869,
ESP,WKGPOP,TOT,PC_POP,A,1965,63.737,
ESP,WKGPOP,TOT,PC_POP,A,1966,63.631,
ESP,WKGPOP,TOT,PC_POP,A,1967,63.391,
ESP,WKGPOP,TOT,PC_POP,A,1968,63.08,
ESP,WKGPOP,TOT,PC_POP,A,1969,62.849,
ESP,WKGPOP,TOT,PC_POP,A,1970,62.622,
ESP,WKGPOP,TOT,PC_POP,A,1971,62.437,
ESP,WKGPOP,TOT,PC_POP,A,1972,62.358,
ESP,WKGPOP,TOT,PC_POP,A,1973,62.298,
ESP,WKGPOP,TOT,PC_POP,A,1974,62.201,
ESP,WKGPOP,TOT,PC_POP,A,1975,62.103,
ESP,WKGPOP,TOT,PC_POP,A,1976,62.065,
ESP,WKGPOP,TOT,PC_POP,A,1977,62.108,
ESP,WKGPOP,TOT,PC_POP,A,1978,62.257,
ESP,WKGPOP,TOT,PC_POP,A,1979,62.517,
ESP,WKGPOP,TOT,PC_POP,A,1980,62.861,
ESP,WKGPOP,TOT,PC_POP,A,1981,63.201,
ESP,WKGPOP,TOT,PC_POP,A,1982,63.586,
ESP,WKGPOP,TOT,PC_POP,A,1983,63.989,
ESP,WKGPOP,TOT,PC_POP,A,1984,64.371,
ESP,WKGPOP,TOT,PC_POP,A,1985,64.738,
ESP,WKGPOP,TOT,PC_POP,A,1986,65.097,
ESP,WKGPOP,TOT,PC_POP,A,1987,65.414,
ESP,WKGPOP,TOT,PC_POP,A,1988,65.755,
ESP,WKGPOP,TOT,PC_POP,A,1989,66.131,
ESP,WKGPOP,TOT,PC_POP,A,1990,66.539,
ESP,WKGPOP,TOT,PC_POP,A,1991,66.965,
ESP,WKGPOP,TOT,PC_POP,A,1992,67.358,
ESP,WKGPOP,TOT,PC_POP,A,1993,67.704,
ESP,WKGPOP,TOT,PC_POP,A,1994,68.012,
ESP,WKGPOP,TOT,PC_POP,A,1995,68.266,
ESP,WKGPOP,TOT,PC_POP,A,1996,68.458,
ESP,WKGPOP,TOT,PC_POP,A,1997,68.588,
ESP,WKGPOP,TOT,PC_POP,A,1998,68.642,
ESP,WKGPOP,TOT,PC_POP,A,1999,68.677,
ESP,WKGPOP,TOT,PC_POP,A,2000,68.647,
ESP,WKGPOP,TOT,PC_POP,A,2001,68.523,
ESP,WKGPOP,TOT,PC_POP,A,2002,68.563,
ESP,WKGPOP,TOT,PC_POP,A,2003,68.647,
ESP,WKGPOP,TOT,PC_POP,A,2004,68.834,
ESP,WKGPOP,TOT,PC_POP,A,2005,68.983,
ESP,WKGPOP,TOT,PC_POP,A,2006,68.875,
ESP,WKGPOP,TOT,PC_POP,A,2007,68.946,
ESP,WKGPOP,TOT,PC_POP,A,2008,68.825,
ESP,WKGPOP,TOT,PC_POP,A,2009,68.489,
ESP,WKGPOP,TOT,PC_POP,A,2010,68.092,
ESP,WKGPOP,TOT,PC_POP,A,2011,67.707,
ESP,WKGPOP,TOT,PC_POP,A,2012,67.365,
ESP,WKGPOP,TOT,PC_POP,A,2013,66.913,
ESP,WKGPOP,TOT,PC_POP,A,2014,66.504,
ESP,WKGPOP,TOT,PC_POP,A,2015,66.259,
ESP,WKGPOP,TOT,PC_POP,A,2016,66.075,
ESP,WKGPOP,TOT,PC_POP,A,2017,65.918,
ESP,WKGPOP,TOT,PC_POP,A,2018,65.848,
SWE,WKGPOP,TOT,PC_POP,A,1950,66.512,
SWE,WKGPOP,TOT,PC_POP,A,1951,66.19,
SWE,WKGPOP,TOT,PC_POP,A,1952,65.9,
SWE,WKGPOP,TOT,PC_POP,A,1953,65.635,
SWE,WKGPOP,TOT,PC_POP,A,1954,65.46,
SWE,WKGPOP,TOT,PC_POP,A,1955,65.327,
SWE,WKGPOP,TOT,PC_POP,A,1956,65.181,
SWE,WKGPOP,TOT,PC_POP,A,1957,65.157,
SWE,WKGPOP,TOT,PC_POP,A,1958,65.296,
SWE,WKGPOP,TOT,PC_POP,A,1959,65.53,
SWE,WKGPOP,TOT,PC_POP,A,1960,65.82,
SWE,WKGPOP,TOT,PC_POP,A,1961,66.1,
SWE,WKGPOP,TOT,PC_POP,A,1962,66.326,
SWE,WKGPOP,TOT,PC_POP,A,1963,66.464,
SWE,WKGPOP,TOT,PC_POP,A,1964,66.48,
SWE,WKGPOP,TOT,PC_POP,A,1965,66.381,
SWE,WKGPOP,TOT,PC_POP,A,1966,66.189,
SWE,WKGPOP,TOT,PC_POP,A,1967,65.954,
SWE,WKGPOP,TOT,PC_POP,A,1968,65.77,
SWE,WKGPOP,TOT,PC_POP,A,1969,65.632,
SWE,WKGPOP,TOT,PC_POP,A,1970,65.486,
SWE,WKGPOP,TOT,PC_POP,A,1971,65.281,
SWE,WKGPOP,TOT,PC_POP,A,1972,65.012,
SWE,WKGPOP,TOT,PC_POP,A,1973,64.731,
SWE,WKGPOP,TOT,PC_POP,A,1974,64.45,
SWE,WKGPOP,TOT,PC_POP,A,1975,64.196,
SWE,WKGPOP,TOT,PC_POP,A,1976,64.018,
SWE,WKGPOP,TOT,PC_POP,A,1977,63.905,
SWE,WKGPOP,TOT,PC_POP,A,1978,63.873,
SWE,WKGPOP,TOT,PC_POP,A,1979,63.959,
SWE,WKGPOP,TOT,PC_POP,A,1980,64.116,
SWE,WKGPOP,TOT,PC_POP,A,1981,64.298,
SWE,WKGPOP,TOT,PC_POP,A,1982,64.475,
SWE,WKGPOP,TOT,PC_POP,A,1983,64.609,
SWE,WKGPOP,TOT,PC_POP,A,1984,64.675,
SWE,WKGPOP,TOT,PC_POP,A,1985,64.601,
SWE,WKGPOP,TOT,PC_POP,A,1986,64.473,
SWE,WKGPOP,TOT,PC_POP,A,1987,64.428,
SWE,WKGPOP,TOT,PC_POP,A,1988,64.403,
SWE,WKGPOP,TOT,PC_POP,A,1989,64.37,
SWE,WKGPOP,TOT,PC_POP,A,1990,64.283,
SWE,WKGPOP,TOT,PC_POP,A,1991,64.123,
SWE,WKGPOP,TOT,PC_POP,A,1992,63.951,
SWE,WKGPOP,TOT,PC_POP,A,1993,63.8,
SWE,WKGPOP,TOT,PC_POP,A,1994,63.702,
SWE,WKGPOP,TOT,PC_POP,A,1995,63.682,
SWE,WKGPOP,TOT,PC_POP,A,1996,63.729,
SWE,WKGPOP,TOT,PC_POP,A,1997,63.817,
SWE,WKGPOP,TOT,PC_POP,A,1998,63.942,
SWE,WKGPOP,TOT,PC_POP,A,1999,64.108,
SWE,WKGPOP,TOT,PC_POP,A,2000,64.304,
SWE,WKGPOP,TOT,PC_POP,A,2001,64.511,
SWE,WKGPOP,TOT,PC_POP,A,2002,64.716,
SWE,WKGPOP,TOT,PC_POP,A,2003,64.915,
SWE,WKGPOP,TOT,PC_POP,A,2004,65.096,
SWE,WKGPOP,TOT,PC_POP,A,2005,65.313,
SWE,WKGPOP,TOT,PC_POP,A,2006,65.546,
SWE,WKGPOP,TOT,PC_POP,A,2007,65.669,
SWE,WKGPOP,TOT,PC_POP,A,2008,65.629,
SWE,WKGPOP,TOT,PC_POP,A,2009,65.436,
SWE,WKGPOP,TOT,PC_POP,A,2010,65.118,
SWE,WKGPOP,TOT,PC_POP,A,2011,64.7,
SWE,WKGPOP,TOT,PC_POP,A,2012,64.235,
SWE,WKGPOP,TOT,PC_POP,A,2013,63.759,
SWE,WKGPOP,TOT,PC_POP,A,2014,63.319,
SWE,WKGPOP,TOT,PC_POP,A,2015,62.959,
SWE,WKGPOP,TOT,PC_POP,A,2016,62.702,
SWE,WKGPOP,TOT,PC_POP,A,2017,62.522,
SWE,WKGPOP,TOT,PC_POP,A,2018,62.377,
CHE,WKGPOP,TOT,PC_POP,A,1950,66.909,
CHE,WKGPOP,TOT,PC_POP,A,1951,66.68,
CHE,WKGPOP,TOT,PC_POP,A,1952,66.465,
CHE,WKGPOP,TOT,PC_POP,A,1953,66.232,
CHE,WKGPOP,TOT,PC_POP,A,1954,66.012,
CHE,WKGPOP,TOT,PC_POP,A,1955,65.804,
CHE,WKGPOP,TOT,PC_POP,A,1956,65.649,
CHE,WKGPOP,TOT,PC_POP,A,1957,65.581,
CHE,WKGPOP,TOT,PC_POP,A,1958,65.59,
CHE,WKGPOP,TOT,PC_POP,A,1959,65.641,
CHE,WKGPOP,TOT,PC_POP,A,1960,65.739,
CHE,WKGPOP,TOT,PC_POP,A,1961,65.717,
CHE,WKGPOP,TOT,PC_POP,A,1962,65.618,
CHE,WKGPOP,TOT,PC_POP,A,1963,65.613,
CHE,WKGPOP,TOT,PC_POP,A,1964,65.545,
CHE,WKGPOP,TOT,PC_POP,A,1965,65.361,
CHE,WKGPOP,TOT,PC_POP,A,1966,65.164,
CHE,WKGPOP,TOT,PC_POP,A,1967,65.048,
CHE,WKGPOP,TOT,PC_POP,A,1968,65.022,
CHE,WKGPOP,TOT,PC_POP,A,1969,65.028,
CHE,WKGPOP,TOT,PC_POP,A,1970,64.879,
CHE,WKGPOP,TOT,PC_POP,A,1971,64.686,
CHE,WKGPOP,TOT,PC_POP,A,1972,64.704,
CHE,WKGPOP,TOT,PC_POP,A,1973,64.799,
CHE,WKGPOP,TOT,PC_POP,A,1974,64.899,
CHE,WKGPOP,TOT,PC_POP,A,1975,64.992,
CHE,WKGPOP,TOT,PC_POP,A,1976,65.127,
CHE,WKGPOP,TOT,PC_POP,A,1977,65.339,
CHE,WKGPOP,TOT,PC_POP,A,1978,65.622,
CHE,WKGPOP,TOT,PC_POP,A,1979,65.987,
CHE,WKGPOP,TOT,PC_POP,A,1980,66.414,
CHE,WKGPOP,TOT,PC_POP,A,1981,66.882,
CHE,WKGPOP,TOT,PC_POP,A,1982,67.34,
CHE,WKGPOP,TOT,PC_POP,A,1983,67.745,
CHE,WKGPOP,TOT,PC_POP,A,1984,68.075,
CHE,WKGPOP,TOT,PC_POP,A,1985,68.292,
CHE,WKGPOP,TOT,PC_POP,A,1986,68.406,
CHE,WKGPOP,TOT,PC_POP,A,1987,68.473,
CHE,WKGPOP,TOT,PC_POP,A,1988,68.476,
CHE,WKGPOP,TOT,PC_POP,A,1989,68.428,
CHE,WKGPOP,TOT,PC_POP,A,1990,68.335,
CHE,WKGPOP,TOT,PC_POP,A,1991,68.292,
CHE,WKGPOP,TOT,PC_POP,A,1992,68.097,
CHE,WKGPOP,TOT,PC_POP,A,1993,67.905,
CHE,WKGPOP,TOT,PC_POP,A,1994,67.751,
CHE,WKGPOP,TOT,PC_POP,A,1995,67.624,
CHE,WKGPOP,TOT,PC_POP,A,1996,67.507,
CHE,WKGPOP,TOT,PC_POP,A,1997,67.415,
CHE,WKGPOP,TOT,PC_POP,A,1998,67.359,
CHE,WKGPOP,TOT,PC_POP,A,1999,67.32,
CHE,WKGPOP,TOT,PC_POP,A,2000,67.302,
CHE,WKGPOP,TOT,PC_POP,A,2001,67.501,
CHE,WKGPOP,TOT,PC_POP,A,2002,67.615,
CHE,WKGPOP,TOT,PC_POP,A,2003,67.755,
CHE,WKGPOP,TOT,PC_POP,A,2004,67.872,
CHE,WKGPOP,TOT,PC_POP,A,2005,67.972,
CHE,WKGPOP,TOT,PC_POP,A,2006,68.042,
CHE,WKGPOP,TOT,PC_POP,A,2007,68.089,
CHE,WKGPOP,TOT,PC_POP,A,2008,68.12,
CHE,WKGPOP,TOT,PC_POP,A,2009,68.077,
CHE,WKGPOP,TOT,PC_POP,A,2010,67.957,
CHE,WKGPOP,TOT,PC_POP,A,2011,67.896,
CHE,WKGPOP,TOT,PC_POP,A,2012,67.743,
CHE,WKGPOP,TOT,PC_POP,A,2013,67.585,
CHE,WKGPOP,TOT,PC_POP,A,2014,67.42,
CHE,WKGPOP,TOT,PC_POP,A,2015,67.265,
CHE,WKGPOP,TOT,PC_POP,A,2016,67.098,
CHE,WKGPOP,TOT,PC_POP,A,2017,66.886,
CHE,WKGPOP,TOT,PC_POP,A,2018,66.646,
TUR,WKGPOP,TOT,PC_POP,A,1950,58.22,
TUR,WKGPOP,TOT,PC_POP,A,1951,57.935,
TUR,WKGPOP,TOT,PC_POP,A,1952,57.676,
TUR,WKGPOP,TOT,PC_POP,A,1953,57.443,
TUR,WKGPOP,TOT,PC_POP,A,1954,57.236,
TUR,WKGPOP,TOT,PC_POP,A,1955,56.917,
TUR,WKGPOP,TOT,PC_POP,A,1956,56.488,
TUR,WKGPOP,TOT,PC_POP,A,1957,56.09,
TUR,WKGPOP,TOT,PC_POP,A,1958,55.721,
TUR,WKGPOP,TOT,PC_POP,A,1959,55.382,
TUR,WKGPOP,TOT,PC_POP,A,1960,55.076,
TUR,WKGPOP,TOT,PC_POP,A,1961,54.803,
TUR,WKGPOP,TOT,PC_POP,A,1962,54.561,
TUR,WKGPOP,TOT,PC_POP,A,1963,54.35,
TUR,WKGPOP,TOT,PC_POP,A,1964,54.169,
TUR,WKGPOP,TOT,PC_POP,A,1965,54.036,
TUR,WKGPOP,TOT,PC_POP,A,1966,53.946,
TUR,WKGPOP,TOT,PC_POP,A,1967,53.879,
TUR,WKGPOP,TOT,PC_POP,A,1968,53.834,
TUR,WKGPOP,TOT,PC_POP,A,1969,53.81,
TUR,WKGPOP,TOT,PC_POP,A,1970,53.89,
TUR,WKGPOP,TOT,PC_POP,A,1971,54.07,
TUR,WKGPOP,TOT,PC_POP,A,1972,54.27,
TUR,WKGPOP,TOT,PC_POP,A,1973,54.488,
TUR,WKGPOP,TOT,PC_POP,A,1974,54.724,
TUR,WKGPOP,TOT,PC_POP,A,1975,54.951,
TUR,WKGPOP,TOT,PC_POP,A,1976,55.174,
TUR,WKGPOP,TOT,PC_POP,A,1977,55.422,
TUR,WKGPOP,TOT,PC_POP,A,1978,55.694,
TUR,WKGPOP,TOT,PC_POP,A,1979,55.99,
TUR,WKGPOP,TOT,PC_POP,A,1980,56.342,
TUR,WKGPOP,TOT,PC_POP,A,1981,56.742,
TUR,WKGPOP,TOT,PC_POP,A,1982,57.149,
TUR,WKGPOP,TOT,PC_POP,A,1983,57.566,
TUR,WKGPOP,TOT,PC_POP,A,1984,57.991,
TUR,WKGPOP,TOT,PC_POP,A,1985,58.454,
TUR,WKGPOP,TOT,PC_POP,A,1986,58.954,
TUR,WKGPOP,TOT,PC_POP,A,1987,59.457,
TUR,WKGPOP,TOT,PC_POP,A,1988,59.963,
TUR,WKGPOP,TOT,PC_POP,A,1989,60.472,
TUR,WKGPOP,TOT,PC_POP,A,1990,60.884,
TUR,WKGPOP,TOT,PC_POP,A,1991,61.2,
TUR,WKGPOP,TOT,PC_POP,A,1992,61.512,
TUR,WKGPOP,TOT,PC_POP,A,1993,61.819,
TUR,WKGPOP,TOT,PC_POP,A,1994,62.119,
TUR,WKGPOP,TOT,PC_POP,A,1995,62.411,
TUR,WKGPOP,TOT,PC_POP,A,1996,62.695,
TUR,WKGPOP,TOT,PC_POP,A,1997,62.968,
TUR,WKGPOP,TOT,PC_POP,A,1998,63.231,
TUR,WKGPOP,TOT,PC_POP,A,1999,63.481,
TUR,WKGPOP,TOT,PC_POP,A,2000,63.806,
TUR,WKGPOP,TOT,PC_POP,A,2001,64.229,
TUR,WKGPOP,TOT,PC_POP,A,2002,64.693,
TUR,WKGPOP,TOT,PC_POP,A,2003,65.18,
TUR,WKGPOP,TOT,PC_POP,A,2004,65.634,
TUR,WKGPOP,TOT,PC_POP,A,2005,66.031,
TUR,WKGPOP,TOT,PC_POP,A,2006,66.378,
TUR,WKGPOP,TOT,PC_POP,A,2007,66.673,
TUR,WKGPOP,TOT,PC_POP,A,2008,66.697,
TUR,WKGPOP,TOT,PC_POP,A,2009,66.945,
TUR,WKGPOP,TOT,PC_POP,A,2010,67.085,
TUR,WKGPOP,TOT,PC_POP,A,2011,67.272,
TUR,WKGPOP,TOT,PC_POP,A,2012,67.465,
TUR,WKGPOP,TOT,PC_POP,A,2013,67.641,
TUR,WKGPOP,TOT,PC_POP,A,2014,67.74,
TUR,WKGPOP,TOT,PC_POP,A,2015,67.758,
TUR,WKGPOP,TOT,PC_POP,A,2016,67.86,
TUR,WKGPOP,TOT,PC_POP,A,2017,67.933,
TUR,WKGPOP,TOT,PC_POP,A,2018,67.877,
GBR,WKGPOP,TOT,PC_POP,A,1950,66.78,
GBR,WKGPOP,TOT,PC_POP,A,1951,66.479,
GBR,WKGPOP,TOT,PC_POP,A,1952,66.243,
GBR,WKGPOP,TOT,PC_POP,A,1953,66.094,
GBR,WKGPOP,TOT,PC_POP,A,1954,65.87,
GBR,WKGPOP,TOT,PC_POP,A,1955,65.733,
GBR,WKGPOP,TOT,PC_POP,A,1956,65.456,
GBR,WKGPOP,TOT,PC_POP,A,1957,65.218,
GBR,WKGPOP,TOT,PC_POP,A,1958,65.116,
GBR,WKGPOP,TOT,PC_POP,A,1959,65.074,
GBR,WKGPOP,TOT,PC_POP,A,1960,64.989,
GBR,WKGPOP,TOT,PC_POP,A,1961,64.854,
GBR,WKGPOP,TOT,PC_POP,A,1962,65.086,
GBR,WKGPOP,TOT,PC_POP,A,1963,65.122,
GBR,WKGPOP,TOT,PC_POP,A,1964,64.953,
GBR,WKGPOP,TOT,PC_POP,A,1965,64.681,
GBR,WKGPOP,TOT,PC_POP,A,1966,64.369,
GBR,WKGPOP,TOT,PC_POP,A,1967,64.003,
GBR,WKGPOP,TOT,PC_POP,A,1968,63.682,
GBR,WKGPOP,TOT,PC_POP,A,1969,63.365,
GBR,WKGPOP,TOT,PC_POP,A,1970,63.125,
GBR,WKGPOP,TOT,PC_POP,A,1971,62.672,
GBR,WKGPOP,TOT,PC_POP,A,1972,62.515,
GBR,WKGPOP,TOT,PC_POP,A,1973,62.449,
GBR,WKGPOP,TOT,PC_POP,A,1974,62.468,
GBR,WKGPOP,TOT,PC_POP,A,1975,62.582,
GBR,WKGPOP,TOT,PC_POP,A,1976,62.832,
GBR,WKGPOP,TOT,PC_POP,A,1977,63.144,
GBR,WKGPOP,TOT,PC_POP,A,1978,63.442,
GBR,WKGPOP,TOT,PC_POP,A,1979,63.752,
GBR,WKGPOP,TOT,PC_POP,A,1980,64.049,
GBR,WKGPOP,TOT,PC_POP,A,1981,64.371,
GBR,WKGPOP,TOT,PC_POP,A,1982,64.77,
GBR,WKGPOP,TOT,PC_POP,A,1983,65.235,
GBR,WKGPOP,TOT,PC_POP,A,1984,65.654,
GBR,WKGPOP,TOT,PC_POP,A,1985,65.606,
GBR,WKGPOP,TOT,PC_POP,A,1986,65.625,
GBR,WKGPOP,TOT,PC_POP,A,1987,65.6,
GBR,WKGPOP,TOT,PC_POP,A,1988,65.528,
GBR,WKGPOP,TOT,PC_POP,A,1989,65.39,
GBR,WKGPOP,TOT,PC_POP,A,1990,65.268,
GBR,WKGPOP,TOT,PC_POP,A,1991,65.063,
GBR,WKGPOP,TOT,PC_POP,A,1992,64.839,
GBR,WKGPOP,TOT,PC_POP,A,1993,64.687,
GBR,WKGPOP,TOT,PC_POP,A,1994,64.664,
GBR,WKGPOP,TOT,PC_POP,A,1995,64.692,
GBR,WKGPOP,TOT,PC_POP,A,1996,64.746,
GBR,WKGPOP,TOT,PC_POP,A,1997,64.78,
GBR,WKGPOP,TOT,PC_POP,A,1998,64.837,
GBR,WKGPOP,TOT,PC_POP,A,1999,64.961,
GBR,WKGPOP,TOT,PC_POP,A,2000,65.167,
GBR,WKGPOP,TOT,PC_POP,A,2001,65.355,
GBR,WKGPOP,TOT,PC_POP,A,2002,65.525,
GBR,WKGPOP,TOT,PC_POP,A,2003,65.682,
GBR,WKGPOP,TOT,PC_POP,A,2004,65.825,
GBR,WKGPOP,TOT,PC_POP,A,2005,66.031,
GBR,WKGPOP,TOT,PC_POP,A,2006,66.259,
GBR,WKGPOP,TOT,PC_POP,A,2007,66.359,
GBR,WKGPOP,TOT,PC_POP,A,2008,66.306,
GBR,WKGPOP,TOT,PC_POP,A,2009,66.183,
GBR,WKGPOP,TOT,PC_POP,A,2010,66.035,
GBR,WKGPOP,TOT,PC_POP,A,2011,65.909,
GBR,WKGPOP,TOT,PC_POP,A,2012,65.38,
GBR,WKGPOP,TOT,PC_POP,A,2013,64.996,
GBR,WKGPOP,TOT,PC_POP,A,2014,64.681,
GBR,WKGPOP,TOT,PC_POP,A,2015,64.457,
GBR,WKGPOP,TOT,PC_POP,A,2016,64.216,
GBR,WKGPOP,TOT,PC_POP,A,2017,63.966,
GBR,WKGPOP,TOT,PC_POP,A,2018,63.758,
USA,WKGPOP,TOT,PC_POP,A,1950,64.934,
USA,WKGPOP,TOT,PC_POP,A,1951,64.292,
USA,WKGPOP,TOT,PC_POP,A,1952,63.638,
USA,WKGPOP,TOT,PC_POP,A,1953,63.005,
USA,WKGPOP,TOT,PC_POP,A,1954,62.364,
USA,WKGPOP,TOT,PC_POP,A,1955,61.744,
USA,WKGPOP,TOT,PC_POP,A,1956,61.213,
USA,WKGPOP,TOT,PC_POP,A,1957,60.722,
USA,WKGPOP,TOT,PC_POP,A,1958,60.442,
USA,WKGPOP,TOT,PC_POP,A,1959,60.081,
USA,WKGPOP,TOT,PC_POP,A,1960,59.732,
USA,WKGPOP,TOT,PC_POP,A,1961,59.365,
USA,WKGPOP,TOT,PC_POP,A,1962,59.6,
USA,WKGPOP,TOT,PC_POP,A,1963,59.711,
USA,WKGPOP,TOT,PC_POP,A,1964,59.833,
USA,WKGPOP,TOT,PC_POP,A,1965,60.01,
USA,WKGPOP,TOT,PC_POP,A,1966,60.31,
USA,WKGPOP,TOT,PC_POP,A,1967,60.681,
USA,WKGPOP,TOT,PC_POP,A,1968,61.112,
USA,WKGPOP,TOT,PC_POP,A,1969,61.544,
USA,WKGPOP,TOT,PC_POP,A,1970,61.938,
USA,WKGPOP,TOT,PC_POP,A,1971,62.296,
USA,WKGPOP,TOT,PC_POP,A,1972,62.806,
USA,WKGPOP,TOT,PC_POP,A,1973,63.34,
USA,WKGPOP,TOT,PC_POP,A,1974,63.87,
USA,WKGPOP,TOT,PC_POP,A,1975,64.32,
USA,WKGPOP,TOT,PC_POP,A,1976,64.843,
USA,WKGPOP,TOT,PC_POP,A,1977,65.269,
USA,WKGPOP,TOT,PC_POP,A,1978,65.65,
USA,WKGPOP,TOT,PC_POP,A,1979,65.969,
USA,WKGPOP,TOT,PC_POP,A,1980,66.114,
USA,WKGPOP,TOT,PC_POP,A,1981,66.237,
USA,WKGPOP,TOT,PC_POP,A,1982,66.279,
USA,WKGPOP,TOT,PC_POP,A,1983,66.282,
USA,WKGPOP,TOT,PC_POP,A,1984,66.347,
USA,WKGPOP,TOT,PC_POP,A,1985,66.396,
USA,WKGPOP,TOT,PC_POP,A,1986,66.459,
USA,WKGPOP,TOT,PC_POP,A,1987,66.368,
USA,WKGPOP,TOT,PC_POP,A,1988,66.227,
USA,WKGPOP,TOT,PC_POP,A,1989,66.006,
USA,WKGPOP,TOT,PC_POP,A,1990,65.791,
USA,WKGPOP,TOT,PC_POP,A,1991,65.587,
USA,WKGPOP,TOT,PC_POP,A,1992,65.475,
USA,WKGPOP,TOT,PC_POP,A,1993,65.374,
USA,WKGPOP,TOT,PC_POP,A,1994,65.364,
USA,WKGPOP,TOT,PC_POP,A,1995,65.434,
USA,WKGPOP,TOT,PC_POP,A,1996,65.534,
USA,WKGPOP,TOT,PC_POP,A,1997,65.71,
USA,WKGPOP,TOT,PC_POP,A,1998,65.887,
USA,WKGPOP,TOT,PC_POP,A,1999,66.043,
USA,WKGPOP,TOT,PC_POP,A,2000,66.207,
USA,WKGPOP,TOT,PC_POP,A,2001,66.403,
USA,WKGPOP,TOT,PC_POP,A,2002,66.593,
USA,WKGPOP,TOT,PC_POP,A,2003,66.739,
USA,WKGPOP,TOT,PC_POP,A,2004,66.921,
USA,WKGPOP,TOT,PC_POP,A,2005,67.118,
USA,WKGPOP,TOT,PC_POP,A,2006,67.262,
USA,WKGPOP,TOT,PC_POP,A,2007,67.298,
USA,WKGPOP,TOT,PC_POP,A,2008,67.219,
USA,WKGPOP,TOT,PC_POP,A,2009,67.17,
USA,WKGPOP,TOT,PC_POP,A,2010,67.128,
USA,WKGPOP,TOT,PC_POP,A,2011,67.096,
USA,WKGPOP,TOT,PC_POP,A,2012,66.786,
USA,WKGPOP,TOT,PC_POP,A,2013,66.554,
USA,WKGPOP,TOT,PC_POP,A,2014,66.322,
USA,WKGPOP,TOT,PC_POP,A,2015,66.12,
USA,WKGPOP,TOT,PC_POP,A,2016,65.89,
USA,WKGPOP,TOT,PC_POP,A,2017,65.628,
USA,WKGPOP,TOT,PC_POP,A,2018,65.364,
CHL,WKGPOP,TOT,PC_POP,A,1950,59.028,
CHL,WKGPOP,TOT,PC_POP,A,1951,58.694,
CHL,WKGPOP,TOT,PC_POP,A,1952,58.359,
CHL,WKGPOP,TOT,PC_POP,A,1953,58.024,
CHL,WKGPOP,TOT,PC_POP,A,1954,57.688,
CHL,WKGPOP,TOT,PC_POP,A,1955,57.352,
CHL,WKGPOP,TOT,PC_POP,A,1956,57.026,
CHL,WKGPOP,TOT,PC_POP,A,1957,56.7,
CHL,WKGPOP,TOT,PC_POP,A,1958,56.375,
CHL,WKGPOP,TOT,PC_POP,A,1959,56.05,
CHL,WKGPOP,TOT,PC_POP,A,1960,55.725,
CHL,WKGPOP,TOT,PC_POP,A,1961,55.492,
CHL,WKGPOP,TOT,PC_POP,A,1962,55.259,
CHL,WKGPOP,TOT,PC_POP,A,1963,55.026,
CHL,WKGPOP,TOT,PC_POP,A,1964,54.792,
CHL,WKGPOP,TOT,PC_POP,A,1965,54.559,
CHL,WKGPOP,TOT,PC_POP,A,1966,54.716,
CHL,WKGPOP,TOT,PC_POP,A,1967,54.864,
CHL,WKGPOP,TOT,PC_POP,A,1968,55.005,
CHL,WKGPOP,TOT,PC_POP,A,1969,55.138,
CHL,WKGPOP,TOT,PC_POP,A,1970,55.264,
CHL,WKGPOP,TOT,PC_POP,A,1971,55.764,
CHL,WKGPOP,TOT,PC_POP,A,1972,56.259,
CHL,WKGPOP,TOT,PC_POP,A,1973,56.75,
CHL,WKGPOP,TOT,PC_POP,A,1974,57.236,
CHL,WKGPOP,TOT,PC_POP,A,1975,57.718,
CHL,WKGPOP,TOT,PC_POP,A,1976,58.473,
CHL,WKGPOP,TOT,PC_POP,A,1977,59.222,
CHL,WKGPOP,TOT,PC_POP,A,1978,59.965,
CHL,WKGPOP,TOT,PC_POP,A,1979,60.701,
CHL,WKGPOP,TOT,PC_POP,A,1980,61.431,
CHL,WKGPOP,TOT,PC_POP,A,1981,61.813,
CHL,WKGPOP,TOT,PC_POP,A,1982,62.193,
CHL,WKGPOP,TOT,PC_POP,A,1983,62.572,
CHL,WKGPOP,TOT,PC_POP,A,1984,62.948,
CHL,WKGPOP,TOT,PC_POP,A,1985,63.322,
CHL,WKGPOP,TOT,PC_POP,A,1986,63.457,
CHL,WKGPOP,TOT,PC_POP,A,1987,63.593,
CHL,WKGPOP,TOT,PC_POP,A,1988,63.731,
CHL,WKGPOP,TOT,PC_POP,A,1989,63.869,
CHL,WKGPOP,TOT,PC_POP,A,1990,64.009,
CHL,WKGPOP,TOT,PC_POP,A,1991,63.962,
CHL,WKGPOP,TOT,PC_POP,A,1992,63.996,
CHL,WKGPOP,TOT,PC_POP,A,1993,64.02,
CHL,WKGPOP,TOT,PC_POP,A,1994,64.042,
CHL,WKGPOP,TOT,PC_POP,A,1995,64.093,
CHL,WKGPOP,TOT,PC_POP,A,1996,64.199,
CHL,WKGPOP,TOT,PC_POP,A,1997,64.364,
CHL,WKGPOP,TOT,PC_POP,A,1998,64.565,
CHL,WKGPOP,TOT,PC_POP,A,1999,64.781,
CHL,WKGPOP,TOT,PC_POP,A,2000,65.014,
CHL,WKGPOP,TOT,PC_POP,A,2001,65.268,
CHL,WKGPOP,TOT,PC_POP,A,2002,65.567,
CHL,WKGPOP,TOT,PC_POP,A,2003,65.942,
CHL,WKGPOP,TOT,PC_POP,A,2004,66.409,
CHL,WKGPOP,TOT,PC_POP,A,2005,66.896,
CHL,WKGPOP,TOT,PC_POP,A,2006,67.394,
CHL,WKGPOP,TOT,PC_POP,A,2007,67.807,
CHL,WKGPOP,TOT,PC_POP,A,2008,68.123,
CHL,WKGPOP,TOT,PC_POP,A,2009,68.366,
CHL,WKGPOP,TOT,PC_POP,A,2010,68.549,
CHL,WKGPOP,TOT,PC_POP,A,2011,68.687,
CHL,WKGPOP,TOT,PC_POP,A,2012,68.785,
CHL,WKGPOP,TOT,PC_POP,A,2013,68.846,
CHL,WKGPOP,TOT,PC_POP,A,2014,68.875,
CHL,WKGPOP,TOT,PC_POP,A,2015,68.827,
CHL,WKGPOP,TOT,PC_POP,A,2016,68.743,
CHL,WKGPOP,TOT,PC_POP,A,2017,68.725,
CHL,WKGPOP,TOT,PC_POP,A,2018,68.741,
COL,WKGPOP,TOT,PC_POP,A,1950,53.948,
COL,WKGPOP,TOT,PC_POP,A,1951,53.473,
COL,WKGPOP,TOT,PC_POP,A,1952,53.048,
COL,WKGPOP,TOT,PC_POP,A,1953,52.662,
COL,WKGPOP,TOT,PC_POP,A,1954,52.317,
COL,WKGPOP,TOT,PC_POP,A,1955,52.013,
COL,WKGPOP,TOT,PC_POP,A,1956,51.567,
COL,WKGPOP,TOT,PC_POP,A,1957,51.193,
COL,WKGPOP,TOT,PC_POP,A,1958,50.873,
COL,WKGPOP,TOT,PC_POP,A,1959,50.603,
COL,WKGPOP,TOT,PC_POP,A,1960,50.385,
COL,WKGPOP,TOT,PC_POP,A,1961,50.177,
COL,WKGPOP,TOT,PC_POP,A,1962,50.002,
COL,WKGPOP,TOT,PC_POP,A,1963,49.881,
COL,WKGPOP,TOT,PC_POP,A,1964,49.839,
COL,WKGPOP,TOT,PC_POP,A,1965,49.88,
COL,WKGPOP,TOT,PC_POP,A,1966,49.862,
COL,WKGPOP,TOT,PC_POP,A,1967,49.946,
COL,WKGPOP,TOT,PC_POP,A,1968,50.115,
COL,WKGPOP,TOT,PC_POP,A,1969,50.357,
COL,WKGPOP,TOT,PC_POP,A,1970,50.676,
COL,WKGPOP,TOT,PC_POP,A,1971,50.971,
COL,WKGPOP,TOT,PC_POP,A,1972,51.397,
COL,WKGPOP,TOT,PC_POP,A,1973,51.911,
COL,WKGPOP,TOT,PC_POP,A,1974,52.448,
COL,WKGPOP,TOT,PC_POP,A,1975,52.971,
COL,WKGPOP,TOT,PC_POP,A,1976,53.592,
COL,WKGPOP,TOT,PC_POP,A,1977,54.096,
COL,WKGPOP,TOT,PC_POP,A,1978,54.555,
COL,WKGPOP,TOT,PC_POP,A,1979,55.064,
COL,WKGPOP,TOT,PC_POP,A,1980,55.655,
COL,WKGPOP,TOT,PC_POP,A,1981,56.086,
COL,WKGPOP,TOT,PC_POP,A,1982,56.642,
COL,WKGPOP,TOT,PC_POP,A,1983,57.241,
COL,WKGPOP,TOT,PC_POP,A,1984,57.77,
COL,WKGPOP,TOT,PC_POP,A,1985,58.83,
COL,WKGPOP,TOT,PC_POP,A,1986,58.975,
COL,WKGPOP,TOT,PC_POP,A,1987,59.045,
COL,WKGPOP,TOT,PC_POP,A,1988,59.079,
COL,WKGPOP,TOT,PC_POP,A,1989,59.116,
COL,WKGPOP,TOT,PC_POP,A,1990,59.186,
COL,WKGPOP,TOT,PC_POP,A,1991,59.278,
COL,WKGPOP,TOT,PC_POP,A,1992,59.403,
COL,WKGPOP,TOT,PC_POP,A,1993,59.555,
COL,WKGPOP,TOT,PC_POP,A,1994,59.727,
COL,WKGPOP,TOT,PC_POP,A,1995,59.909,
COL,WKGPOP,TOT,PC_POP,A,1996,60.086,
COL,WKGPOP,TOT,PC_POP,A,1997,60.281,
COL,WKGPOP,TOT,PC_POP,A,1998,60.498,
COL,WKGPOP,TOT,PC_POP,A,1999,60.743,
COL,WKGPOP,TOT,PC_POP,A,2000,61.013,
COL,WKGPOP,TOT,PC_POP,A,2001,61.325,
COL,WKGPOP,TOT,PC_POP,A,2002,61.656,
COL,WKGPOP,TOT,PC_POP,A,2003,62.006,
COL,WKGPOP,TOT,PC_POP,A,2004,62.372,
COL,WKGPOP,TOT,PC_POP,A,2005,62.732,
COL,WKGPOP,TOT,PC_POP,A,2006,63.174,
COL,WKGPOP,TOT,PC_POP,A,2007,63.593,
COL,WKGPOP,TOT,PC_POP,A,2008,63.992,
COL,WKGPOP,TOT,PC_POP,A,2009,64.357,
COL,WKGPOP,TOT,PC_POP,A,2010,64.682,
COL,WKGPOP,TOT,PC_POP,A,2011,64.992,
COL,WKGPOP,TOT,PC_POP,A,2012,65.259,
COL,WKGPOP,TOT,PC_POP,A,2013,65.487,
COL,WKGPOP,TOT,PC_POP,A,2014,65.675,
COL,WKGPOP,TOT,PC_POP,A,2015,65.829,
COL,WKGPOP,TOT,PC_POP,A,2016,65.935,
COL,WKGPOP,TOT,PC_POP,A,2017,66.015,
COL,WKGPOP,TOT,PC_POP,A,2018,66.069,
EST,WKGPOP,TOT,PC_POP,A,1950,63.831,
EST,WKGPOP,TOT,PC_POP,A,1951,64.154,
EST,WKGPOP,TOT,PC_POP,A,1952,64.696,
EST,WKGPOP,TOT,PC_POP,A,1953,65.232,
EST,WKGPOP,TOT,PC_POP,A,1954,65.65,
EST,WKGPOP,TOT,PC_POP,A,1955,65.928,
EST,WKGPOP,TOT,PC_POP,A,1956,66.369,
EST,WKGPOP,TOT,PC_POP,A,1957,66.556,
EST,WKGPOP,TOT,PC_POP,A,1958,66.555,
EST,WKGPOP,TOT,PC_POP,A,1959,66.465,
EST,WKGPOP,TOT,PC_POP,A,1960,66.353,
EST,WKGPOP,TOT,PC_POP,A,1961,66.19,
EST,WKGPOP,TOT,PC_POP,A,1962,66.116,
EST,WKGPOP,TOT,PC_POP,A,1963,66.127,
EST,WKGPOP,TOT,PC_POP,A,1964,66.18,
EST,WKGPOP,TOT,PC_POP,A,1965,66.241,
EST,WKGPOP,TOT,PC_POP,A,1966,66.215,
EST,WKGPOP,TOT,PC_POP,A,1967,66.214,
EST,WKGPOP,TOT,PC_POP,A,1968,66.221,
EST,WKGPOP,TOT,PC_POP,A,1969,66.218,
EST,WKGPOP,TOT,PC_POP,A,1970,66.23,
EST,WKGPOP,TOT,PC_POP,A,1971,66.139,
EST,WKGPOP,TOT,PC_POP,A,1972,65.985,
EST,WKGPOP,TOT,PC_POP,A,1973,65.94,
EST,WKGPOP,TOT,PC_POP,A,1974,65.933,
EST,WKGPOP,TOT,PC_POP,A,1975,65.924,
EST,WKGPOP,TOT,PC_POP,A,1976,65.939,
EST,WKGPOP,TOT,PC_POP,A,1977,65.936,
EST,WKGPOP,TOT,PC_POP,A,1978,65.925,
EST,WKGPOP,TOT,PC_POP,A,1979,65.895,
EST,WKGPOP,TOT,PC_POP,A,1980,65.864,
EST,WKGPOP,TOT,PC_POP,A,1981,65.93,
EST,WKGPOP,TOT,PC_POP,A,1982,66.061,
EST,WKGPOP,TOT,PC_POP,A,1983,66.129,
EST,WKGPOP,TOT,PC_POP,A,1984,66.202,
EST,WKGPOP,TOT,PC_POP,A,1985,66.361,
EST,WKGPOP,TOT,PC_POP,A,1986,66.457,
EST,WKGPOP,TOT,PC_POP,A,1987,66.453,
EST,WKGPOP,TOT,PC_POP,A,1988,66.37,
EST,WKGPOP,TOT,PC_POP,A,1989,66.221,
EST,WKGPOP,TOT,PC_POP,A,1990,66.11,
EST,WKGPOP,TOT,PC_POP,A,1991,66.05,
EST,WKGPOP,TOT,PC_POP,A,1992,65.963,
EST,WKGPOP,TOT,PC_POP,A,1993,65.866,
EST,WKGPOP,TOT,PC_POP,A,1994,65.81,
EST,WKGPOP,TOT,PC_POP,A,1995,65.781,
EST,WKGPOP,TOT,PC_POP,A,1996,65.811,
EST,WKGPOP,TOT,PC_POP,A,1997,65.911,
EST,WKGPOP,TOT,PC_POP,A,1998,66.178,
EST,WKGPOP,TOT,PC_POP,A,1999,66.581,
EST,WKGPOP,TOT,PC_POP,A,2000,67.376,
EST,WKGPOP,TOT,PC_POP,A,2001,67.562,
EST,WKGPOP,TOT,PC_POP,A,2002,67.71,
EST,WKGPOP,TOT,PC_POP,A,2003,67.866,
EST,WKGPOP,TOT,PC_POP,A,2004,68.007,
EST,WKGPOP,TOT,PC_POP,A,2005,68.074,
EST,WKGPOP,TOT,PC_POP,A,2006,67.965,
EST,WKGPOP,TOT,PC_POP,A,2007,67.776,
EST,WKGPOP,TOT,PC_POP,A,2008,67.669,
EST,WKGPOP,TOT,PC_POP,A,2009,67.532,
EST,WKGPOP,TOT,PC_POP,A,2010,67.322,
EST,WKGPOP,TOT,PC_POP,A,2011,66.99,
EST,WKGPOP,TOT,PC_POP,A,2012,66.542,
EST,WKGPOP,TOT,PC_POP,A,2013,66.059,
EST,WKGPOP,TOT,PC_POP,A,2014,65.548,
EST,WKGPOP,TOT,PC_POP,A,2015,65.095,
EST,WKGPOP,TOT,PC_POP,A,2016,64.665,
EST,WKGPOP,TOT,PC_POP,A,2017,64.258,
EST,WKGPOP,TOT,PC_POP,A,2018,63.96,
ISR,WKGPOP,TOT,PC_POP,A,1950,66.609,
ISR,WKGPOP,TOT,PC_POP,A,1951,65.453,
ISR,WKGPOP,TOT,PC_POP,A,1952,64.288,
ISR,WKGPOP,TOT,PC_POP,A,1953,63.425,
ISR,WKGPOP,TOT,PC_POP,A,1954,62.654,
ISR,WKGPOP,TOT,PC_POP,A,1955,61.84,
ISR,WKGPOP,TOT,PC_POP,A,1956,60.966,
ISR,WKGPOP,TOT,PC_POP,A,1957,60.289,
ISR,WKGPOP,TOT,PC_POP,A,1958,59.909,
ISR,WKGPOP,TOT,PC_POP,A,1959,59.742,
ISR,WKGPOP,TOT,PC_POP,A,1960,59.058,
ISR,WKGPOP,TOT,PC_POP,A,1961,58.893,
ISR,WKGPOP,TOT,PC_POP,A,1962,59.237,
ISR,WKGPOP,TOT,PC_POP,A,1963,59.265,
ISR,WKGPOP,TOT,PC_POP,A,1964,59.443,
ISR,WKGPOP,TOT,PC_POP,A,1965,59.532,
ISR,WKGPOP,TOT,PC_POP,A,1966,59.964,
ISR,WKGPOP,TOT,PC_POP,A,1967,60.324,
ISR,WKGPOP,TOT,PC_POP,A,1968,60.131,
ISR,WKGPOP,TOT,PC_POP,A,1969,60.216,
ISR,WKGPOP,TOT,PC_POP,A,1970,60.222,
ISR,WKGPOP,TOT,PC_POP,A,1971,60.152,
ISR,WKGPOP,TOT,PC_POP,A,1972,60.052,
ISR,WKGPOP,TOT,PC_POP,A,1973,59.946,
ISR,WKGPOP,TOT,PC_POP,A,1974,59.724,
ISR,WKGPOP,TOT,PC_POP,A,1975,59.378,
ISR,WKGPOP,TOT,PC_POP,A,1976,59.002,
ISR,WKGPOP,TOT,PC_POP,A,1977,58.654,
ISR,WKGPOP,TOT,PC_POP,A,1978,58.384,
ISR,WKGPOP,TOT,PC_POP,A,1979,58.21,
ISR,WKGPOP,TOT,PC_POP,A,1980,58.145,
ISR,WKGPOP,TOT,PC_POP,A,1981,58.175,
ISR,WKGPOP,TOT,PC_POP,A,1982,58.226,
ISR,WKGPOP,TOT,PC_POP,A,1983,58.315,
ISR,WKGPOP,TOT,PC_POP,A,1984,58.567,
ISR,WKGPOP,TOT,PC_POP,A,1985,58.641,
ISR,WKGPOP,TOT,PC_POP,A,1986,58.776,
ISR,WKGPOP,TOT,PC_POP,A,1987,58.948,
ISR,WKGPOP,TOT,PC_POP,A,1988,59.096,
ISR,WKGPOP,TOT,PC_POP,A,1989,59.295,
ISR,WKGPOP,TOT,PC_POP,A,1990,59.628,
ISR,WKGPOP,TOT,PC_POP,A,1991,60.061,
ISR,WKGPOP,TOT,PC_POP,A,1992,60.4,
ISR,WKGPOP,TOT,PC_POP,A,1993,60.597,
ISR,WKGPOP,TOT,PC_POP,A,1994,60.757,
ISR,WKGPOP,TOT,PC_POP,A,1995,60.915,
ISR,WKGPOP,TOT,PC_POP,A,1996,60.857,
ISR,WKGPOP,TOT,PC_POP,A,1997,61.054,
ISR,WKGPOP,TOT,PC_POP,A,1998,61.245,
ISR,WKGPOP,TOT,PC_POP,A,1999,61.454,
ISR,WKGPOP,TOT,PC_POP,A,2000,61.624,
ISR,WKGPOP,TOT,PC_POP,A,2001,61.731,
ISR,WKGPOP,TOT,PC_POP,A,2002,61.761,
ISR,WKGPOP,TOT,PC_POP,A,2003,61.744,
ISR,WKGPOP,TOT,PC_POP,A,2004,61.725,
ISR,WKGPOP,TOT,PC_POP,A,2005,61.738,
ISR,WKGPOP,TOT,PC_POP,A,2006,61.767,
ISR,WKGPOP,TOT,PC_POP,A,2007,61.819,
ISR,WKGPOP,TOT,PC_POP,A,2008,61.878,
ISR,WKGPOP,TOT,PC_POP,A,2009,62.314,
ISR,WKGPOP,TOT,PC_POP,A,2010,62.151,
ISR,WKGPOP,TOT,PC_POP,A,2011,61.806,
ISR,WKGPOP,TOT,PC_POP,A,2012,61.553,
ISR,WKGPOP,TOT,PC_POP,A,2013,61.255,
ISR,WKGPOP,TOT,PC_POP,A,2014,61.017,
ISR,WKGPOP,TOT,PC_POP,A,2015,60.77,
ISR,WKGPOP,TOT,PC_POP,A,2016,60.516,
ISR,WKGPOP,TOT,PC_POP,A,2017,60.276,
ISR,WKGPOP,TOT,PC_POP,A,2018,59.966,
SVN,WKGPOP,TOT,PC_POP,A,1950,77.079,
SVN,WKGPOP,TOT,PC_POP,A,1951,76.408,
SVN,WKGPOP,TOT,PC_POP,A,1952,76.181,
SVN,WKGPOP,TOT,PC_POP,A,1953,75.851,
SVN,WKGPOP,TOT,PC_POP,A,1954,75.612,
SVN,WKGPOP,TOT,PC_POP,A,1955,75.394,
SVN,WKGPOP,TOT,PC_POP,A,1956,75.1,
SVN,WKGPOP,TOT,PC_POP,A,1957,74.954,
SVN,WKGPOP,TOT,PC_POP,A,1958,74.788,
SVN,WKGPOP,TOT,PC_POP,A,1959,74.768,
SVN,WKGPOP,TOT,PC_POP,A,1960,76.994,
SVN,WKGPOP,TOT,PC_POP,A,1961,76.802,
SVN,WKGPOP,TOT,PC_POP,A,1962,76.995,
SVN,WKGPOP,TOT,PC_POP,A,1963,77.13,
SVN,WKGPOP,TOT,PC_POP,A,1964,76.908,
SVN,WKGPOP,TOT,PC_POP,A,1965,76.551,
SVN,WKGPOP,TOT,PC_POP,A,1966,77.291,
SVN,WKGPOP,TOT,PC_POP,A,1967,76.917,
SVN,WKGPOP,TOT,PC_POP,A,1968,77.08,
SVN,WKGPOP,TOT,PC_POP,A,1969,65.895,
SVN,WKGPOP,TOT,PC_POP,A,1970,66.016,
SVN,WKGPOP,TOT,PC_POP,A,1971,65.91,
SVN,WKGPOP,TOT,PC_POP,A,1972,65.941,
SVN,WKGPOP,TOT,PC_POP,A,1973,65.882,
SVN,WKGPOP,TOT,PC_POP,A,1974,65.739,
SVN,WKGPOP,TOT,PC_POP,A,1975,65.579,
SVN,WKGPOP,TOT,PC_POP,A,1976,65.458,
SVN,WKGPOP,TOT,PC_POP,A,1977,65.355,
SVN,WKGPOP,TOT,PC_POP,A,1978,65.247,
SVN,WKGPOP,TOT,PC_POP,A,1979,65.169,
SVN,WKGPOP,TOT,PC_POP,A,1980,65.269,
SVN,WKGPOP,TOT,PC_POP,A,1981,65.977,
SVN,WKGPOP,TOT,PC_POP,A,1982,66.485,
SVN,WKGPOP,TOT,PC_POP,A,1983,66.983,
SVN,WKGPOP,TOT,PC_POP,A,1984,67.361,
SVN,WKGPOP,TOT,PC_POP,A,1985,67.556,
SVN,WKGPOP,TOT,PC_POP,A,1986,68.111,
SVN,WKGPOP,TOT,PC_POP,A,1987,68.213,
SVN,WKGPOP,TOT,PC_POP,A,1988,68.295,
SVN,WKGPOP,TOT,PC_POP,A,1989,68.372,
SVN,WKGPOP,TOT,PC_POP,A,1990,68.543,
SVN,WKGPOP,TOT,PC_POP,A,1991,68.752,
SVN,WKGPOP,TOT,PC_POP,A,1992,68.976,
SVN,WKGPOP,TOT,PC_POP,A,1993,69.119,
SVN,WKGPOP,TOT,PC_POP,A,1994,69.314,
SVN,WKGPOP,TOT,PC_POP,A,1995,69.291,
SVN,WKGPOP,TOT,PC_POP,A,1996,69.504,
SVN,WKGPOP,TOT,PC_POP,A,1997,69.724,
SVN,WKGPOP,TOT,PC_POP,A,1998,69.806,
SVN,WKGPOP,TOT,PC_POP,A,1999,69.91,
SVN,WKGPOP,TOT,PC_POP,A,2000,70.096,
SVN,WKGPOP,TOT,PC_POP,A,2001,70.131,
SVN,WKGPOP,TOT,PC_POP,A,2002,70.193,
SVN,WKGPOP,TOT,PC_POP,A,2003,70.352,
SVN,WKGPOP,TOT,PC_POP,A,2004,70.361,
SVN,WKGPOP,TOT,PC_POP,A,2005,70.295,
SVN,WKGPOP,TOT,PC_POP,A,2006,70.236,
SVN,WKGPOP,TOT,PC_POP,A,2007,70.059,
SVN,WKGPOP,TOT,PC_POP,A,2008,69.728,
SVN,WKGPOP,TOT,PC_POP,A,2009,69.526,
SVN,WKGPOP,TOT,PC_POP,A,2010,69.342,
SVN,WKGPOP,TOT,PC_POP,A,2011,69.142,
SVN,WKGPOP,TOT,PC_POP,A,2012,68.67,
SVN,WKGPOP,TOT,PC_POP,A,2013,68.183,
SVN,WKGPOP,TOT,PC_POP,A,2014,67.647,
SVN,WKGPOP,TOT,PC_POP,A,2015,67.053,
SVN,WKGPOP,TOT,PC_POP,A,2016,66.43,
SVN,WKGPOP,TOT,PC_POP,A,2017,65.863,
SVN,WKGPOP,TOT,PC_POP,A,2018,65.258,
OECD,WKGPOP,TOT,PC_POP,A,1950,63.891,
OECD,WKGPOP,TOT,PC_POP,A,1951,63.635,
OECD,WKGPOP,TOT,PC_POP,A,1952,63.424,
OECD,WKGPOP,TOT,PC_POP,A,1953,63.237,
OECD,WKGPOP,TOT,PC_POP,A,1954,63.024,
OECD,WKGPOP,TOT,PC_POP,A,1955,62.82,
OECD,WKGPOP,TOT,PC_POP,A,1956,62.643,
OECD,WKGPOP,TOT,PC_POP,A,1957,62.422,
OECD,WKGPOP,TOT,PC_POP,A,1958,62.232,
OECD,WKGPOP,TOT,PC_POP,A,1959,62.056,
OECD,WKGPOP,TOT,PC_POP,A,1960,61.838,
OECD,WKGPOP,TOT,PC_POP,A,1961,61.612,
OECD,WKGPOP,TOT,PC_POP,A,1962,61.716,
OECD,WKGPOP,TOT,PC_POP,A,1963,61.806,
OECD,WKGPOP,TOT,PC_POP,A,1964,61.863,
OECD,WKGPOP,TOT,PC_POP,A,1965,61.879,
OECD,WKGPOP,TOT,PC_POP,A,1966,61.942,
OECD,WKGPOP,TOT,PC_POP,A,1967,61.963,
OECD,WKGPOP,TOT,PC_POP,A,1968,62.006,
OECD,WKGPOP,TOT,PC_POP,A,1969,62.053,
OECD,WKGPOP,TOT,PC_POP,A,1970,62.128,
OECD,WKGPOP,TOT,PC_POP,A,1971,62.164,
OECD,WKGPOP,TOT,PC_POP,A,1972,62.286,
OECD,WKGPOP,TOT,PC_POP,A,1973,62.432,
OECD,WKGPOP,TOT,PC_POP,A,1974,62.594,
OECD,WKGPOP,TOT,PC_POP,A,1975,62.761,
OECD,WKGPOP,TOT,PC_POP,A,1976,62.978,
OECD,WKGPOP,TOT,PC_POP,A,1977,63.192,
OECD,WKGPOP,TOT,PC_POP,A,1978,63.42,
OECD,WKGPOP,TOT,PC_POP,A,1979,63.662,
OECD,WKGPOP,TOT,PC_POP,A,1980,63.915,
OECD,WKGPOP,TOT,PC_POP,A,1981,64.181,
OECD,WKGPOP,TOT,PC_POP,A,1982,64.493,
OECD,WKGPOP,TOT,PC_POP,A,1983,64.804,
OECD,WKGPOP,TOT,PC_POP,A,1984,65.112,
OECD,WKGPOP,TOT,PC_POP,A,1985,65.306,
OECD,WKGPOP,TOT,PC_POP,A,1986,65.483,
OECD,WKGPOP,TOT,PC_POP,A,1987,65.622,
OECD,WKGPOP,TOT,PC_POP,A,1988,65.738,
OECD,WKGPOP,TOT,PC_POP,A,1989,65.817,
OECD,WKGPOP,TOT,PC_POP,A,1990,65.88,
OECD,WKGPOP,TOT,PC_POP,A,1991,65.917,
OECD,WKGPOP,TOT,PC_POP,A,1992,65.956,
OECD,WKGPOP,TOT,PC_POP,A,1993,65.978,
OECD,WKGPOP,TOT,PC_POP,A,1994,66.014,
OECD,WKGPOP,TOT,PC_POP,A,1995,66.077,
OECD,WKGPOP,TOT,PC_POP,A,1996,66.137,
OECD,WKGPOP,TOT,PC_POP,A,1997,66.219,
OECD,WKGPOP,TOT,PC_POP,A,1998,66.296,
OECD,WKGPOP,TOT,PC_POP,A,1999,66.36,
OECD,WKGPOP,TOT,PC_POP,A,2000,66.402,
OECD,WKGPOP,TOT,PC_POP,A,2001,66.463,
OECD,WKGPOP,TOT,PC_POP,A,2002,66.533,
OECD,WKGPOP,TOT,PC_POP,A,2003,66.614,
OECD,WKGPOP,TOT,PC_POP,A,2004,66.695,
OECD,WKGPOP,TOT,PC_POP,A,2005,66.746,
OECD,WKGPOP,TOT,PC_POP,A,2006,66.786,
OECD,WKGPOP,TOT,PC_POP,A,2007,66.799,
OECD,WKGPOP,TOT,PC_POP,A,2008,66.751,
OECD,WKGPOP,TOT,PC_POP,A,2009,66.691,
OECD,WKGPOP,TOT,PC_POP,A,2010,66.665,
OECD,WKGPOP,TOT,PC_POP,A,2011,66.602,
OECD,WKGPOP,TOT,PC_POP,A,2012,66.357,
OECD,WKGPOP,TOT,PC_POP,A,2013,66.12,
OECD,WKGPOP,TOT,PC_POP,A,2014,65.88,
OECD,WKGPOP,TOT,PC_POP,A,2015,65.692,
OECD,WKGPOP,TOT,PC_POP,A,2016,65.501,
OECD,WKGPOP,TOT,PC_POP,A,2017,65.298,
OECD,WKGPOP,TOT,PC_POP,A,2018,65.104,
LVA,WKGPOP,TOT,PC_POP,A,1950,64.428,
LVA,WKGPOP,TOT,PC_POP,A,1951,64.778,
LVA,WKGPOP,TOT,PC_POP,A,1952,65.165,
LVA,WKGPOP,TOT,PC_POP,A,1953,65.565,
LVA,WKGPOP,TOT,PC_POP,A,1954,65.947,
LVA,WKGPOP,TOT,PC_POP,A,1955,66.284,
LVA,WKGPOP,TOT,PC_POP,A,1956,66.594,
LVA,WKGPOP,TOT,PC_POP,A,1957,66.891,
LVA,WKGPOP,TOT,PC_POP,A,1958,67.136,
LVA,WKGPOP,TOT,PC_POP,A,1959,67.302,
LVA,WKGPOP,TOT,PC_POP,A,1960,67.384,
LVA,WKGPOP,TOT,PC_POP,A,1961,67.256,
LVA,WKGPOP,TOT,PC_POP,A,1962,67.121,
LVA,WKGPOP,TOT,PC_POP,A,1963,66.988,
LVA,WKGPOP,TOT,PC_POP,A,1964,66.875,
LVA,WKGPOP,TOT,PC_POP,A,1965,66.788,
LVA,WKGPOP,TOT,PC_POP,A,1966,66.644,
LVA,WKGPOP,TOT,PC_POP,A,1967,66.556,
LVA,WKGPOP,TOT,PC_POP,A,1968,66.507,
LVA,WKGPOP,TOT,PC_POP,A,1969,66.457,
LVA,WKGPOP,TOT,PC_POP,A,1970,66.34,
LVA,WKGPOP,TOT,PC_POP,A,1971,66.273,
LVA,WKGPOP,TOT,PC_POP,A,1972,66.124,
LVA,WKGPOP,TOT,PC_POP,A,1973,66.111,
LVA,WKGPOP,TOT,PC_POP,A,1974,66.17,
LVA,WKGPOP,TOT,PC_POP,A,1975,66.221,
LVA,WKGPOP,TOT,PC_POP,A,1976,66.308,
LVA,WKGPOP,TOT,PC_POP,A,1977,66.401,
LVA,WKGPOP,TOT,PC_POP,A,1978,66.491,
LVA,WKGPOP,TOT,PC_POP,A,1979,66.536,
LVA,WKGPOP,TOT,PC_POP,A,1980,66.575,
LVA,WKGPOP,TOT,PC_POP,A,1981,66.707,
LVA,WKGPOP,TOT,PC_POP,A,1982,66.888,
LVA,WKGPOP,TOT,PC_POP,A,1983,66.969,
LVA,WKGPOP,TOT,PC_POP,A,1984,66.991,
LVA,WKGPOP,TOT,PC_POP,A,1985,67.062,
LVA,WKGPOP,TOT,PC_POP,A,1986,67.085,
LVA,WKGPOP,TOT,PC_POP,A,1987,67.033,
LVA,WKGPOP,TOT,PC_POP,A,1988,66.906,
LVA,WKGPOP,TOT,PC_POP,A,1989,66.782,
LVA,WKGPOP,TOT,PC_POP,A,1990,66.732,
LVA,WKGPOP,TOT,PC_POP,A,1991,66.444,
LVA,WKGPOP,TOT,PC_POP,A,1992,66.018,
LVA,WKGPOP,TOT,PC_POP,A,1993,65.787,
LVA,WKGPOP,TOT,PC_POP,A,1994,65.695,
LVA,WKGPOP,TOT,PC_POP,A,1995,65.715,
LVA,WKGPOP,TOT,PC_POP,A,1996,65.828,
LVA,WKGPOP,TOT,PC_POP,A,1997,66.033,
LVA,WKGPOP,TOT,PC_POP,A,1998,66.413,
LVA,WKGPOP,TOT,PC_POP,A,1999,66.93,
LVA,WKGPOP,TOT,PC_POP,A,2000,67.365,
LVA,WKGPOP,TOT,PC_POP,A,2001,67.702,
LVA,WKGPOP,TOT,PC_POP,A,2002,67.982,
LVA,WKGPOP,TOT,PC_POP,A,2003,68.183,
LVA,WKGPOP,TOT,PC_POP,A,2004,68.329,
LVA,WKGPOP,TOT,PC_POP,A,2005,68.433,
LVA,WKGPOP,TOT,PC_POP,A,2006,68.437,
LVA,WKGPOP,TOT,PC_POP,A,2007,68.396,
LVA,WKGPOP,TOT,PC_POP,A,2008,68.245,
LVA,WKGPOP,TOT,PC_POP,A,2009,67.91,
LVA,WKGPOP,TOT,PC_POP,A,2010,67.577,
LVA,WKGPOP,TOT,PC_POP,A,2011,67.291,
LVA,WKGPOP,TOT,PC_POP,A,2012,66.971,
LVA,WKGPOP,TOT,PC_POP,A,2013,66.509,
LVA,WKGPOP,TOT,PC_POP,A,2014,65.924,
LVA,WKGPOP,TOT,PC_POP,A,2015,65.37,
LVA,WKGPOP,TOT,PC_POP,A,2016,64.829,
LVA,WKGPOP,TOT,PC_POP,A,2017,64.328,
LVA,WKGPOP,TOT,PC_POP,A,2018,63.983,
LTU,WKGPOP,TOT,PC_POP,A,1950,63.259,
LTU,WKGPOP,TOT,PC_POP,A,1951,63.521,
LTU,WKGPOP,TOT,PC_POP,A,1952,63.671,
LTU,WKGPOP,TOT,PC_POP,A,1953,63.828,
LTU,WKGPOP,TOT,PC_POP,A,1954,64.021,
LTU,WKGPOP,TOT,PC_POP,A,1955,64.24,
LTU,WKGPOP,TOT,PC_POP,A,1956,64.228,
LTU,WKGPOP,TOT,PC_POP,A,1957,64.344,
LTU,WKGPOP,TOT,PC_POP,A,1958,64.54,
LTU,WKGPOP,TOT,PC_POP,A,1959,64.753,
LTU,WKGPOP,TOT,PC_POP,A,1960,64.936,
LTU,WKGPOP,TOT,PC_POP,A,1961,64.73,
LTU,WKGPOP,TOT,PC_POP,A,1962,64.53,
LTU,WKGPOP,TOT,PC_POP,A,1963,64.289,
LTU,WKGPOP,TOT,PC_POP,A,1964,64.011,
LTU,WKGPOP,TOT,PC_POP,A,1965,63.727,
LTU,WKGPOP,TOT,PC_POP,A,1966,63.508,
LTU,WKGPOP,TOT,PC_POP,A,1967,63.292,
LTU,WKGPOP,TOT,PC_POP,A,1968,63.1,
LTU,WKGPOP,TOT,PC_POP,A,1969,62.942,
LTU,WKGPOP,TOT,PC_POP,A,1970,62.952,
LTU,WKGPOP,TOT,PC_POP,A,1971,63.02,
LTU,WKGPOP,TOT,PC_POP,A,1972,62.932,
LTU,WKGPOP,TOT,PC_POP,A,1973,62.992,
LTU,WKGPOP,TOT,PC_POP,A,1974,63.241,
LTU,WKGPOP,TOT,PC_POP,A,1975,63.625,
LTU,WKGPOP,TOT,PC_POP,A,1976,64.041,
LTU,WKGPOP,TOT,PC_POP,A,1977,64.419,
LTU,WKGPOP,TOT,PC_POP,A,1978,64.775,
LTU,WKGPOP,TOT,PC_POP,A,1979,65.04,
LTU,WKGPOP,TOT,PC_POP,A,1980,65.268,
LTU,WKGPOP,TOT,PC_POP,A,1981,65.586,
LTU,WKGPOP,TOT,PC_POP,A,1982,65.928,
LTU,WKGPOP,TOT,PC_POP,A,1983,66.258,
LTU,WKGPOP,TOT,PC_POP,A,1984,66.518,
LTU,WKGPOP,TOT,PC_POP,A,1985,66.693,
LTU,WKGPOP,TOT,PC_POP,A,1986,66.795,
LTU,WKGPOP,TOT,PC_POP,A,1987,66.818,
LTU,WKGPOP,TOT,PC_POP,A,1988,66.765,
LTU,WKGPOP,TOT,PC_POP,A,1989,66.669,
LTU,WKGPOP,TOT,PC_POP,A,1990,66.53,
LTU,WKGPOP,TOT,PC_POP,A,1991,66.358,
LTU,WKGPOP,TOT,PC_POP,A,1992,66.164,
LTU,WKGPOP,TOT,PC_POP,A,1993,65.987,
LTU,WKGPOP,TOT,PC_POP,A,1994,65.921,
LTU,WKGPOP,TOT,PC_POP,A,1995,65.885,
LTU,WKGPOP,TOT,PC_POP,A,1996,65.832,
LTU,WKGPOP,TOT,PC_POP,A,1997,65.794,
LTU,WKGPOP,TOT,PC_POP,A,1998,65.817,
LTU,WKGPOP,TOT,PC_POP,A,1999,65.952,
LTU,WKGPOP,TOT,PC_POP,A,2000,66.221,
LTU,WKGPOP,TOT,PC_POP,A,2001,66.471,
LTU,WKGPOP,TOT,PC_POP,A,2002,66.694,
LTU,WKGPOP,TOT,PC_POP,A,2003,66.902,
LTU,WKGPOP,TOT,PC_POP,A,2004,67.015,
LTU,WKGPOP,TOT,PC_POP,A,2005,67.108,
LTU,WKGPOP,TOT,PC_POP,A,2006,67.236,
LTU,WKGPOP,TOT,PC_POP,A,2007,67.423,
LTU,WKGPOP,TOT,PC_POP,A,2008,67.592,
LTU,WKGPOP,TOT,PC_POP,A,2009,67.682,
LTU,WKGPOP,TOT,PC_POP,A,2010,67.476,
LTU,WKGPOP,TOT,PC_POP,A,2011,67.188,
LTU,WKGPOP,TOT,PC_POP,A,2012,67.096,
LTU,WKGPOP,TOT,PC_POP,A,2013,67.007,
LTU,WKGPOP,TOT,PC_POP,A,2014,66.828,
LTU,WKGPOP,TOT,PC_POP,A,2015,66.524,
LTU,WKGPOP,TOT,PC_POP,A,2016,66.101,
LTU,WKGPOP,TOT,PC_POP,A,2017,65.606,
LTU,WKGPOP,TOT,PC_POP,A,2018,65.243,
